id;SiteName;regione;Longitude;Latitude;Elevation;regione2
abruzzo_2159;L'aquila;abruzzo;13.42861111;42.33416667;618;Abruzzo
abruzzo_2168;Aterno A Fagnano;abruzzo;13.56722222;42.24805556;620;Abruzzo
abruzzo_2171;Tasso A Scanno;abruzzo;13.87194444;41.9175;1054;Abruzzo
abruzzo_2177;Aterno Sagittario A Allogg.idr;abruzzo;13.82972222;42.15638889;248;Abruzzo
abruzzo_2187;Pescara Ad Alanno;abruzzo;14.01305556;42.27083333;95;Abruzzo
abruzzo_2214;Sangro A Villa S.maria;abruzzo;14.35638889;41.955;287;Abruzzo
abruzzo_2274;Barisciano;abruzzo;13.57388889;42.32361111;932;Abruzzo
abruzzo_2;Teramo;abruzzo;13.71722222;42.65472222;264;Abruzzo
abruzzo_404;Alanno;abruzzo;13.98527778;42.29555556;150;Abruzzo
abruzzo_606;Chieti;abruzzo;14.18305556;42.37694444;244;Abruzzo
abruzzo_1112;Catignano;abruzzo;13.94527778;42.34611111;323;Abruzzo
abruzzo_1540;Pescara;abruzzo;14.2425;42.44972222;2;Abruzzo
abruzzo_1938;Ortona;abruzzo;14.405;42.34972222;51;Abruzzo
abruzzo_1940;Lanciano;abruzzo;14.38444444;42.22583333;273;Abruzzo
abruzzo_1951;Roccaraso;abruzzo;14.08361111;41.85194444;1280;Abruzzo
abruzzo_1958;Montenerodomo;abruzzo;14.24861111;41.99;1004;Abruzzo
abruzzo_1961;Bomba;abruzzo;14.36833333;42.03444444;563;Abruzzo
abruzzo_1975;Montazzoli;abruzzo;14.42805556;41.94222222;792;Abruzzo
abruzzo_1980;Cupello;abruzzo;14.65;42.08222222;265;Abruzzo
abruzzo_1982;Vasto;abruzzo;14.69833333;42.09972222;187;Abruzzo
abruzzo_1999;Campotosto;abruzzo;13.40638889;42.53611111;1392;Abruzzo
abruzzo_2029;Pietracamela;abruzzo;13.55472222;42.52361111;1126;Abruzzo
abruzzo_2088;Civitella Del Tronto;abruzzo;13.66777778;42.77333333;516;Abruzzo
abruzzo_2094;Arsita;abruzzo;13.79805556;42.5;510;Abruzzo
abruzzo_2135;Montereale;abruzzo;13.24138889;42.52611111;825;Abruzzo
abruzzo_2137;Giulianova;abruzzo;13.95277778;42.74805556;55;Abruzzo
abruzzo_2213;Goriano Sicoli;abruzzo;13.79888889;42.08222222;904;Abruzzo
abruzzo_2247;Anversa  (Ex Cent.le Anversa);abruzzo;13.80277778;41.99444444;538;Abruzzo
abruzzo_2256;Santo Stefano;abruzzo;13.60277778;42.6475;734;Abruzzo
abruzzo_2258;Sulmona;abruzzo;13.91444444;42.06861111;365;Abruzzo
abruzzo_2263;Villa S.lucia;abruzzo;13.77944444;42.33361111;1119;Abruzzo
abruzzo_2273;Collepietro;abruzzo;13.78;42.22111111;845;Abruzzo
abruzzo_2278;Pescosansonesco;abruzzo;13.88444444;42.25361111;464;Abruzzo
abruzzo_2280;Caramanico Meteo;abruzzo;14.01916667;42.15083333;785;Abruzzo
abruzzo_2281;Salle;abruzzo;13.96083333;42.17861111;430;Abruzzo
basilicata_6;Albano Di Lucania;basilicata;16.0378;40.5894;794;Basilicata
basilicata_20;Tursi;basilicata;16.4711;40.2517;257;Basilicata
basilicata_25;Roccanova;basilicata;16.2067;40.2128;610;Basilicata
basilicata_42;Matera;basilicata;16.6017;40.6694;389;Basilicata
basilicata_44;Irsina;basilicata;16.2461;40.7417;453;Basilicata
basilicata_48;Potenza;basilicata;15.8108;40.6328;669;Basilicata
basilicata_2;Torre Accio;basilicata;16.6539;40.3925;21;Basilicata
basilicata_39;Tramutola;basilicata;15.7867;40.2986;875;Basilicata
basilicata_194;San_mauro_forte;basilicata;16.2483157797;40.4840139215;565;Basilicata
basilicata_195;San_nicola_d__avigliano;basilicata;15.802501;40.733056;859;Basilicata
bolzano_77;Vipiteno;bolzano;11.42939034;46.89782475;946;Bolzano
bolzano_5;Monte Maria;bolzano;10.5212676;46.70568911;1256;Bolzano
bolzano_18;Silandro;bolzano;10.78026981;46.62375473;684;Bolzano
bolzano_23;Diga Di Gioveretto Osservatore;bolzano;10.72507183;46.50906285;1896;Bolzano
bolzano_28;Vernago;bolzano;10.84927965;46.73565796;1823;Bolzano
bolzano_30;Naturno;bolzano;10.99117805;46.64766321;561;Bolzano
bolzano_39;Plata;bolzano;11.17808117;46.82249293;1118;Bolzano
bolzano_49;Merano - Quarazze;bolzano;11.13656021;46.68805798;369;Bolzano
bolzano_58;Diga Di Zoccolo-S.valburga;bolzano;10.99013577;46.54187189;1282;Bolzano
bolzano_79;Diga Di Vizze Osservatore;bolzano;11.5246721;46.92499219;1415;Bolzano
bolzano_83;Ridanna;bolzano;11.30677415;46.90908292;1337;Bolzano
bolzano_94;Dobbiaco;bolzano;12.21915906;46.72997843;1219;Bolzano
bolzano_102;S.maddalena In Casies;bolzano;12.24271916;46.83526049;1456;Bolzano
bolzano_110;Predoi;bolzano;12.09912721;47.03658867;1515;Bolzano
bolzano_135;La Villa In Badia Osservatore;bolzano;11.90707588;46.5836304;1398;Bolzano
bolzano_149;Terento;bolzano;11.78557637;46.83445756;1437;Bolzano
bolzano_150;Fundres;bolzano;11.7029428;46.88718005;1151;Bolzano
bolzano_166;Selva Gardena;bolzano;11.76842971;46.54555526;1713;Bolzano
bolzano_172;Colma-Barbiano;bolzano;11.52910684;46.59512824;511;Bolzano
bolzano_176;Fiï¿½ Allo Sciliar;bolzano;11.50595194;46.51340578;804;Bolzano
bolzano_197;Sarentino;bolzano;11.3550613;46.64063165;976;Bolzano
bolzano_203;Bolzano;bolzano;11.31283145;46.49768516;246;Bolzano
bolzano_206;Nova Ponente;bolzano;11.42685821;46.42048615;1416;Bolzano
bolzano_217;Salorno;bolzano;11.18548738;46.23623649;288;Bolzano
bolzano_223;Sesto;bolzano;12.34996391;46.70305366;1490;Bolzano
calabria_146;Borgia - Roccelletta;calabria;16.59777778;38.81861111;20;Calabria
calabria_181;Stignano;calabria;16.47438889;38.42516667;417;Calabria
calabria_2;Cosenza;calabria;16.26527778;39.28694444;269;Calabria
calabria_7;San Pietro In Guarano;calabria;16.31361111;39.34555556;766;Calabria
calabria_14;Camigliatello - Monte Curcio;calabria;16.42305556;39.31611111;1711;Calabria
calabria_18;Torano Scalo;calabria;16.21;39.49388889;93;Calabria
calabria_20;Tarsia;calabria;16.27277778;39.61722222;203;Calabria
calabria_34;San Sosti;calabria;16.02805556;39.66444444;384;Calabria
calabria_60;Cropalati;calabria;16.72444444;39.51583333;321;Calabria
calabria_64;Cariati Marina;calabria;16.94022222;39.50513889;14;Calabria
calabria_68;Crucoli;calabria;17.00388889;39.42444444;279;Calabria
calabria_71;Ciro' Marina - Punta Alice;calabria;17.12611111;39.38416667;8;Calabria
calabria_95;Cerenzia;calabria;16.78333333;39.2425;596;Calabria
calabria_107;Crotone - Papanice;calabria;17.02777778;39.0725;118;Calabria
calabria_108;Crotone;calabria;17.13111111;39.08694444;1;Calabria
calabria_111;Crotone - Salica;calabria;17.12611111;39.01222222;145;Calabria
calabria_112;Isola Di Capo Rizzuto - Campolongo;calabria;17.0088;38.94305556;151;Calabria
calabria_125;Botricello;calabria;16.85863889;38.94147222;32;Calabria
calabria_127;Cropani;calabria;16.78;38.97083333;317;Calabria
calabria_135;Albi;calabria;16.59833333;39.02638889;803;Calabria
calabria_140;Catanzaro;calabria;16.58583333;38.91083333;315;Calabria
calabria_156;Cenadi - Serralta;calabria;16.36833333;38.74916667;949;Calabria
calabria_157;Palermiti;calabria;16.45286111;38.74919444;525;Calabria
calabria_160;Chiaravalle Centrale;calabria;16.40888889;38.67138889;551;Calabria
calabria_177;Monasterace - Punta Stilo;calabria;16.55222222;38.45361111;64;Calabria
calabria_184;Mongiana;calabria;16.31672222;38.51630556;885;Calabria
calabria_191;Roccella Ionica;calabria;16.4;38.32166667;20;Calabria
calabria_194;Fabrizia - Cassari;calabria;16.29333333;38.44222222;999;Calabria
calabria_196;Gioiosa Ionica;calabria;16.32972222;38.30111111;18;Calabria
calabria_198;Antonimina - Canolo Nuovo;calabria;16.12722222;38.31305556;925;Calabria
calabria_205;Ardore Superiore;calabria;16.15505556;38.20594444;275;Calabria
calabria_208;Plati';calabria;16.04444444;38.22222222;329;Calabria
calabria_212;San Luca;calabria;16.06727778;38.14841667;131;Calabria
calabria_213;Sant'agata Del Bianco;calabria;16.08533333;38.10075;310;Calabria
calabria_215;Staiti;calabria;16.0355;37.99986111;369;Calabria
calabria_217;Capo Spartivento;calabria;16.05613889;37.92727778;61;Calabria
calabria_218;Bova Superiore;calabria;15.93286111;37.99611111;791;Calabria
calabria_226;Montebello Ionico;calabria;15.75833333;37.98388889;463;Calabria
calabria_239;Cardeto;calabria;15.79955556;38.10336111;1230;Calabria
calabria_246;Scilla;calabria;15.71972222;38.25166667;60;Calabria
calabria_261;Sinopoli;calabria;15.87747222;38.25991667;457;Calabria
calabria_263;Molochio;calabria;16.03136111;38.30883333;287;Calabria
calabria_265;Cittanova;calabria;16.0775;38.35222222;407;Calabria
calabria_266;Rizziconi;calabria;15.97163889;38.40769444;92;Calabria
calabria_281;Arena;calabria;16.21691667;38.56213889;566;Calabria
calabria_284;Feroleto Della Chiesa;calabria;16.06833333;38.46805556;180;Calabria
calabria_290;Mileto;calabria;16.064808;38.613861;328;Calabria
calabria_292;Rosarno;calabria;15.98811111;38.5005;27;Calabria
calabria_294;Joppolo;calabria;15.90525;38.592;635;Calabria
calabria_296;Zungri;calabria;15.98294444;38.65347222;451;Calabria
calabria_299;Vibo Valentia;calabria;16.10638889;38.67722222;481;Calabria
calabria_307;Filadelfia;calabria;16.29305556;38.78694444;579;Calabria
calabria_327;Nicastro - Bella;calabria;16.29944444;38.98555556;597;Calabria
calabria_338;Rogliano;calabria;16.32583333;39.18361111;665;Calabria
calabria_343;Amantea;calabria;16.08625;39.14916667;278;Calabria
calabria_345;Paola;calabria;16.04208333;39.36727778;282;Calabria
calabria_348;Cetraro Superiore;calabria;15.96408333;39.535055560000004;417;Calabria
calabria_353;Laino Borgo;calabria;15.97611111;39.95444444;344;Calabria
calabria_380;Villapiana Scalo;calabria;16.49861111;39.795;0;Calabria
calabria_386;Cassano Allo Ionio;calabria;16.31894444;39.78308333;180;Calabria
campania_43;Montella;campania;15.05027778;40.84777778;499.6351928710938;Campania
campania_54;Paduli;campania;14.83472222;41.14805556;139.4526672363281;Campania
campania_135;Gragnano;campania;14.52638889;40.68638889;310.4288330078125;Campania
campania_3;Alife;campania;14.33361111;41.33916667;133.5564575195312;Campania
campania_5;Alvignano;campania;14.39444444;41.21805556;170.3599395751953;Campania
campania_9;Auletta;campania;15.42805556;40.55166667;245.9533996582031;Campania
campania_11;Bagnoli Irpino;campania;15.07444444;40.82722222;893.60308837890625;Campania
campania_12;Battipaglia;campania;14.97555556;40.61111111;69.5071258544922;Campania
campania_14;Benevento;campania;14.76222222;41.14194444;117.5702285766602;Campania
campania_17;Boiara;campania;15.24277778;40.84138889;722.98699951171875;Campania
campania_18;Boville Ernica;campania;13.4775;41.65222222;437.1869201660156;Campania
campania_23;Castelluccio;campania;15.33777778;40.58166667;283.8472900390625;Campania
campania_33;Grazzanise;campania;14.10527778;41.0925;12.9779176712036;Campania
campania_39;Melizzano;campania;14.50527778;41.16722222;193.6260833740234;Campania
campania_40;Mercato S.severino;campania;14.75277778;40.77833333;141.7494049072266;Campania
campania_46;Montemarano;campania;15.00361111;40.91416667;815.46923828125;Campania
campania_56;Persano Sele;campania;15.0325;40.54416667;20.1688442230225;Campania
campania_59;Pompei;campania;14.4925;40.75666667;25.241117477417;Campania
campania_70;S.angelo D'alife;campania;14.23638889;41.35333333;135.6263122558594;Campania
campania_76;S.mauro;campania;14.63222222;40.76388889;40.6466827392578;Campania
campania_77;S.pietro;campania;14.78694444;40.81833333;204.2464141845703;Campania
campania_84;Senerchia;campania;15.20555556;40.73861111;613.12469482421875;Campania
campania_87;Sorgenti Grassano;campania;14.50166667;41.22194444;76.788932800293;Campania
campania_92;Torriello;campania;14.62583333;40.8475;839.5303344726564;Campania
campania_98;Contursi Meteo;campania;15.25194444;40.67583333;214.4986877441407;Campania
campania_110;Bellosguardo;campania;15.31138889;40.42333333;483.2072143554687;Campania
campania_112;Caiazzo;campania;14.35722222;41.17944444;137.9358520507812;Campania
campania_114;Capri;campania;14.23861111;40.54833333;77.432975769043;Campania
campania_117;Caserta Vecchia;campania;14.36805556;41.09611111;315.0306091308594;Campania
campania_125;Cervinara;campania;14.6325;41.01444444;517.19317626953125;Campania
campania_133;Forino;campania;14.74555556;40.86;410.82568359375;Campania
campania_134;Giffoni Valle Piana;campania;14.91194444;40.78666667;867.39691162109375;Campania
campania_137;Monte Epomeo;campania;13.89555556;40.71166667;298.0879516601562;Campania
campania_142;Liberi;campania;14.28777778;41.22333333;500.871337890625;Campania
campania_144;Massa Lubrense;campania;14.37111111;40.60527778;363.4907531738281;Campania
campania_146;Mercogliano;campania;14.73166667;40.92;775.9531860351564;Campania
campania_147;Monteforte Irpino;campania;14.72138889;40.88472222;530.09173583984375;Campania
campania_151;Napoli Camaldoli;campania;14.19888889;40.85833333;331.0464172363281;Campania
campania_152;Napoli Capodimonte;campania;14.2325;40.86166667;218.5598907470703;Campania
campania_154;Ottaviano;campania;14.47861111;40.85472222;174.1328582763672;Campania
campania_158;Piani Di Prato;campania;14.64861111;40.83472222;860.9732666015625;Campania
campania_159;Pietramelara;campania;14.20916667;41.26472222;175.4728393554688;Campania
campania_160;Ponte Camerelle;campania;14.68472222;40.73416667;88.003059387207;Campania
campania_164;Pozzuoli;campania;14.13527778;40.82972222;70.8255310058594;Campania
campania_173;Rotondi;campania;14.58944444;41.02111111;543.9010009765625;Campania
campania_174;S.agata Dei Goti;campania;14.49916667;41.08555556;163.5591583251953;Campania
campania_179;S.felice A Cancello;campania;14.47861111;40.99972222;368.3760681152344;Campania
campania_180;S.martino Valle Caudina;campania;14.67638889;40.99722222;833.90625;Campania
campania_183;Salerno Genio Civile;campania;14.75138889;40.67805556;114.7509078979492;Campania
campania_191;Solofra;campania;14.855;40.82361111;489.4175109863281;Campania
campania_193;Torre Del Greco;campania;14.38055556;40.79416667;131.2774658203125;Campania
campania_195;Vietri;campania;15.5175;40.595;597.28509521484375;Campania
campania_198;Visciano;campania;14.58638889;40.9275;405.7795104980469;Campania
emiliaromagna_27;Sasso Marconi;emiliaromagna;11.240967;44.442754;220;Emilia Romagna
emiliaromagna_28;S. Agata Sul Santerno;emiliaromagna;11.867947;44.450536;12;Emilia Romagna
emiliaromagna_39;Copparo;emiliaromagna;11.832385;44.916933;2;Emilia Romagna
emiliaromagna_41;Correggio;emiliaromagna;10.773157;44.746098;34;Emilia Romagna
emiliaromagna_9317;Ravennaurb;emiliaromagna;12.19867;44.40709;4;Emilia Romagna
emiliaromagna_9556;Carpineta   Rubicone;emiliaromagna;12.2726;44.0894;141;Emilia Romagna
emiliaromagna_9573;Monghidoro  Tele   Reno-Idice;emiliaromagna;11.3234;44.2223;801;Emilia Romagna
emiliaromagna_13063;Palantone - Opera Po;emiliaromagna;11.440684;44.927109;9;Emilia Romagna
emiliaromagna_14158;Bologna Idrografico;emiliaromagna;11.34611;44.49972;45;Emilia Romagna
emiliaromagna_14197;Casoni Di Santa Maria Di Taro;emiliaromagna;9.4807;44.43751;814;Emilia Romagna
emiliaromagna_14246;Ferrara Urbana;emiliaromagna;11.62114;44.8325;9;Emilia Romagna
emiliaromagna_14271;Imola;emiliaromagna;11.71292;44.34535;44;Emilia Romagna
emiliaromagna_14415;San Clemente;emiliaromagna;11.49065;44.31916;208;Emilia Romagna
emiliaromagna_14444;Secondo Salto;emiliaromagna;11.37016;44.78278;15;Emilia Romagna
emiliaromagna_14458;Sostegno Reno;emiliaromagna;11.27237;44.66547;25;Emilia Romagna
emiliaromagna_9013;Alfonsine;emiliaromagna;12.0445;44.49303;7;Emilia Romagna
emiliaromagna_9041;Berra;emiliaromagna;11.99771;44.9788;2;Emilia Romagna
emiliaromagna_9051;Bombiana;emiliaromagna;10.97365;44.21439;778;Emilia Romagna
emiliaromagna_9054;Borgonovovt;emiliaromagna;9.44333;45.01727;106;Emilia Romagna
emiliaromagna_9068;Cabortolani;emiliaromagna;11.08453;44.34682;603;Emilia Romagna
emiliaromagna_9071;Calderarareno;emiliaromagna;11.27214;44.56613;31;Emilia Romagna
emiliaromagna_9101;Casteldelrio;emiliaromagna;11.50489;44.2112;214;Emilia Romagna
emiliaromagna_9119;Cervia;emiliaromagna;12.31891;44.27249;2;Emilia Romagna
emiliaromagna_9121;Cesenatico;emiliaromagna;12.39741;44.20713;1;Emilia Romagna
emiliaromagna_9167;Frassinoro;emiliaromagna;10.57564;44.29576;1001;Emilia Romagna
emiliaromagna_9177;Guagnino;emiliaromagna;12.21159;44.68842;3;Emilia Romagna
emiliaromagna_9189;Jolandadisavoia;emiliaromagna;11.9766;44.88649;1;Emilia Romagna
emiliaromagna_9191;Lagdei;emiliaromagna;10.00852;44.4123;1315;Emilia Romagna
emiliaromagna_9192;Lagoballano;emiliaromagna;10.10205;44.3695;1255;Emilia Romagna
emiliaromagna_9230;Monteacutoalpi;emiliaromagna;10.88739;44.13639;828;Emilia Romagna
emiliaromagna_9233;Montecatone;emiliaromagna;11.6363;44.34602;168;Emilia Romagna
emiliaromagna_9244;Montespietro;emiliaromagna;11.13634;44.43793;249;Emilia Romagna
emiliaromagna_9276;Pavanadiga;emiliaromagna;11.00554;44.11828;467;Emilia Romagna
emiliaromagna_9287;Pianoro;emiliaromagna;11.33988;44.37103;196;Emilia Romagna
emiliaromagna_9289;Pievepelago;emiliaromagna;10.577209999999999;44.19429;979;Emilia Romagna
emiliaromagna_9310;Prugnolo;emiliaromagna;11.49455;44.39;247;Emilia Romagna
emiliaromagna_9328;Rioloterme;emiliaromagna;11.72415;44.27424;78;Emilia Romagna
emiliaromagna_9404;Vergato;emiliaromagna;11.11311;44.28781;207;Emilia Romagna
emiliaromagna_9578;Pennabilli   Marecchia;emiliaromagna;12.269;43.8202;580;Emilia Romagna
emiliaromagna_12653;Arcello;emiliaromagna;9.431035;44.937114;347;Emilia Romagna
friuliveneziagiulia_2;Barcis;friuliveneziagiulia;12.571028;46.193202;468;Friuli Venezia Giulia
friuliveneziagiulia_5;Bordano;friuliveneziagiulia;13.081196;46.332764;230;Friuli Venezia Giulia
friuliveneziagiulia_6;Borgo Grotta Gigante;friuliveneziagiulia;13.764681;45.709385;275;Friuli Venezia Giulia
friuliveneziagiulia_7;Brugnera;friuliveneziagiulia;12.545003;45.917972;22;Friuli Venezia Giulia
friuliveneziagiulia_12;Cervignano Del Friuli;friuliveneziagiulia;13.337015;45.849486;8;Friuli Venezia Giulia
friuliveneziagiulia_13;Chievolis;friuliveneziagiulia;12.734044;46.254523;345;Friuli Venezia Giulia
friuliveneziagiulia_14;Cividale Del Friuli;friuliveneziagiulia;13.420014;46.080442;127;Friuli Venezia Giulia
friuliveneziagiulia_15;Codroipo;friuliveneziagiulia;13.002742;45.952356;37;Friuli Venezia Giulia
friuliveneziagiulia_20;Fossalon;friuliveneziagiulia;13.458865;45.714768;0;Friuli Venezia Giulia
friuliveneziagiulia_21;Gemona Del Friuli;friuliveneziagiulia;13.122088;46.261297;184;Friuli Venezia Giulia
friuliveneziagiulia_23;Gradisca D'is.;friuliveneziagiulia;13.481807;45.889791;29;Friuli Venezia Giulia
friuliveneziagiulia_24;Grado;friuliveneziagiulia;13.3945;45.6764;5;Friuli Venezia Giulia
friuliveneziagiulia_27;Lignano Sabbiadoro;friuliveneziagiulia;13.147078;45.701909;7;Friuli Venezia Giulia
friuliveneziagiulia_28;Monfalcone;friuliveneziagiulia;13.536554;45.780471;0;Friuli Venezia Giulia
friuliveneziagiulia_36;Palazzolo Dello Stella;friuliveneziagiulia;13.052598;45.805702;5;Friuli Venezia Giulia
friuliveneziagiulia_39;Pordenone;friuliveneziagiulia;12.681257;45.953618;23;Friuli Venezia Giulia
friuliveneziagiulia_43;San Vito Al Tgl.;friuliveneziagiulia;12.814989;45.895661;21;Friuli Venezia Giulia
friuliveneziagiulia_46;Talmassons;friuliveneziagiulia;13.155779;45.882311;16;Friuli Venezia Giulia
friuliveneziagiulia_47;Tarvisio;friuliveneziagiulia;13.551886;46.510775;794;Friuli Venezia Giulia
friuliveneziagiulia_51;Trieste Molo F.lli Bandiera;friuliveneziagiulia;13.752242;45.649996;1;Friuli Venezia Giulia
friuliveneziagiulia_52;Udine S.o.;friuliveneziagiulia;13.226672;46.035212;91;Friuli Venezia Giulia
friuliveneziagiulia_53;Vivaro;friuliveneziagiulia;12.768814;46.076529;142;Friuli Venezia Giulia
lazio_240;Roma Macao;lazio;12.5072;41.9039;56;Lazio
lazio_333;Collegio Romano;lazio;12.4806;41.8986;19;Lazio
lazio_375;Roma Monte Mario;lazio;12.4356;41.9356;111;Lazio
lazio_239;Aniene A Lunghezza;lazio;12.6675;41.9272;32;Lazio
lazio_265;Fosso Di Pratolungo;lazio;12.5989;41.9364;22;Lazio
lazio_270;Arrone A Maccarese;lazio;12.2333;41.8825;10;Lazio
lazio_273;Marta A Tarquinia;lazio;11.7425;42.2569;50;Lazio
lazio_275;Allumiere;lazio;11.9086;42.1578;568;Lazio
lazio_276;Civitavecchia;lazio;11.7853;42.0967;7;Lazio
lazio_278;Bracciano;lazio;12.175;42.1019;214;Lazio
lazio_281;Leonessa;lazio;12.9536;42.5786;929;Lazio
lazio_282;Posticciola;lazio;12.9419;42.2336;626;Lazio
lazio_283;Poggio Mirteto;lazio;12.6953;42.27;353;Lazio
lazio_285;Ardea;lazio;12.5369;41.6117;22;Lazio
lazio_288;Amaseno A Fossanova;lazio;13.1944;41.4333;24;Lazio
lazio_289;Latina;lazio;12.9058;41.4714;17;Lazio
lazio_324;Castel Cellesi;lazio;12.1608;42.5861;327;Lazio
lazio_329;Barbarano;lazio;12.0444;42.2542;313;Lazio
lazio_334;Frascati;lazio;12.6714;41.8097;245;Lazio
lazio_348;Lugnano;lazio;12.9225;42.4342;637;Lazio
lazio_352;Lenola;lazio;13.4633;41.4089;480;Lazio
lazio_377;Bagnoregio;lazio;12.1025;42.6261;366;Lazio
lazio_380;Licenza;lazio;12.8997;42.075;553;Lazio
lazio_388;Monte Terminillo;lazio;12.9928;42.4556;1594;Lazio
lazio_434;Fosso Di Pantanello Ad Ostia;lazio;12.3608;41.7172;8;Lazio
liguria_5813;Busalla;liguria;8.948889;44.57277;358;Liguria
liguria_5820;Alassio;liguria;8.170139;44.007222;10;Liguria
liguria_5832;Calice Al Cornoviglio;liguria;9.8387;44.249;425;Liguria
liguria_5833;Calice Ligure;liguria;8.30205;44.19573;70;Liguria
liguria_5849;Colle Belenda;liguria;7.7;43.98;1357;Liguria
liguria_5863;Fiorino;liguria;8.705639;44.465778;236;Liguria
liguria_5868;Giacopiane;liguria;9.39525;44.46268;1009;Liguria
liguria_5870;Imperia;liguria;8.01694;43.8789;60;Liguria
liguria_5880;Levanto;liguria;9.6063;44.1721;4;Liguria
liguria_5882;Loco Carchelli;liguria;9.28417;44.5536;610;Liguria
liguria_5884;Manie;liguria;8.37883;44.19325;297;Liguria
liguria_5887;Mele;liguria;8.733889;44.474889;278;Liguria
liguria_5888;Mignanego;liguria;8.940611;44.540806;250;Liguria
liguria_5889;Molino Branca;liguria;8.21083;44.0481;6;Liguria
liguria_5893;Monte Domenico;liguria;9.43;44.3;220;Liguria
liguria_5919;Ricco' Del Golfo;liguria;9.76373;44.15319;143;Liguria
liguria_5924;S. Margherita Vara;liguria;9.661111;44.275833;200;Liguria
liguria_5926;Sanremo;liguria;7.78625;43.822694;45;Liguria
liguria_5933;Sarzana;liguria;9.965278;44.114722;26;Liguria
liguria_5934;Savona Istituto Nautico;liguria;8.484083;44.307111;28;Liguria
liguria_5937;Statale;liguria;9.483389;44.348694;570;Liguria
liguria_5941;Tavarone;liguria;9.549722;44.313611;603;Liguria
liguria_6933;Borzone;liguria;9.41;44.4243;370;Liguria
liguria_7136;Onzo - Ponterotto;liguria;8.0413;44.0572;115;Liguria
liguria_7144;Pian Dei Ratti;liguria;9.271;44.3937;70;Liguria
liguria_7203;Cabanne;liguria;9.3408;44.4883;809;Liguria
liguria_14233;Diga Del Brugneto;liguria;9.20825;44.53393;856;Liguria
liguria_14437;Santo Stefano D'aveto;liguria;9.45005;44.54591;1073;Liguria
liguria_14464;Torriglia;liguria;9.15454;44.51485;739;Liguria
lombardia_5998;Cremona;lombardia;10.043611;45.1425;45;Lombardia
lombardia_6000;Pavia;lombardia;9.151389;45.185556;80;Lombardia
lombardia_6009;Luino;lombardia;8.744444;45.998056;217;Lombardia
lombardia_6031;Varese;lombardia;8.823611;45.8325;412;Lombardia
lombardia_9601;Valverde   Tidone;lombardia;9.2336;44.8684;523;Lombardia
marche_201;Bolognola;marche;13.239088;42.991081;1360;Marche
marche_204;Sarnano;marche;13.241568;43.006702;1365;Marche
marche_17;Calcinelli;marche;12.967556;43.762669;36;Marche
marche_19;Servigliano;marche;13.498032;43.085857;197;Marche
marche_25;Ascoli Piceno;marche;13.651516;42.852242;78;Marche
marche_29;Pesaro;marche;12.89771;43.907555;9;Marche
marche_101;Sant'angelo In Vado;marche;12.410222;43.666889;352;Marche
marche_102;Sassocorvaro;marche;12.512582;43.808586;173;Marche
marche_103;Petriano;marche;12.7072;43.781498;122;Marche
marche_104;Urbino;marche;12.636861;43.723278;471;Marche
marche_106;Acqualagna;marche;12.6845;43.628277;193;Marche
marche_108;Pergola;marche;12.844062;43.568672;242;Marche
marche_109;Fonte Avellana;marche;12.726417;43.471085;690;Marche
marche_110;Jesi;marche;13.229972;43.531944;100;Marche
marche_118;Cupramontana;marche;13.115717;43.445461;510;Marche
marche_119;Montecarotto;marche;13.056502;43.534794;350;Marche
marche_123;Arcevia;marche;12.936685;43.497452;535;Marche
marche_124;Loro Piceno;marche;13.403673;43.159931;430;Marche
marche_128;Recanati;marche;13.59325;43.383694;25;Marche
marche_134;Capodacqua;marche;13.238181;42.73848;842;Marche
marche_142;Montemonaco;marche;13.32611;42.899452;995;Marche
marche_146;Porto Sant' Elpidio;marche;13.772406;43.232677;9;Marche
marche_148;Fermo;marche;13.714444;43.157501;224;Marche
marche_151;Fossombrone;marche;12.798468;43.694527;96;Marche
marche_152;Fano;marche;13.053796;43.826328;7;Marche
marche_176;Foresta Della Cesana;marche;12.7675;43.6926;633;Marche
marche_502;Campodiegoli;marche;12.824278;43.310402;532;Marche
marche_506;Moie;marche;13.125891;43.496212;104;Marche
marche_602;Sorti;marche;12.970743;43.159035;469;Marche
marche_604;Fiume Di Fiastra;marche;13.155992;43.034702;747;Marche
marche_605;Fabriano;marche;12.904034;43.330273;354;Marche
marche_606;Senigallia;marche;13.20576;43.701027;6;Marche
marche_608;Cingoli;marche;13.19233;43.36224;790;Marche
marche_609;Lornano;marche;13.4187;43.29224;294;Marche
marche_610;Loreto;marche;13.61955;43.435791;45;Marche
marche_612;Serravalle Del Chienti;marche;12.9175;43.030556;754;Marche
marche_613;Baraccola;marche;13.523889;43.574444;52;Marche
marche_614;Tavoleto;marche;12.590949;43.843399;405;Marche
marche_615;San Lorenzo In Campo;marche;12.953333;43.605;160;Marche
marche_616;Apiro;marche;13.07954;43.36842;580;Marche
marche_617;Tolentino;marche;13.29552;43.209221;191;Marche
marche_618;Barbara;marche;13.029075;43.580269;186;Marche
marche_621;Piagge;marche;12.96924;43.737499;189;Marche
marche_701;Ancona Torrette;marche;13.449807;43.610954;5;Marche
marche_702;Carpegna;marche;12.340618;43.780575;715;Marche
marche_703;Amatrice;marche;13.296259;42.625565;954;Marche
marche_705;Corinaldo;marche;13.046379;43.660507;218;Marche
marche_706;Urbania;marche;12.551855;43.652973;245;Marche
marche_707;Cantiano;marche;12.640526;43.467068;396;Marche
marche_708;Diga Di Carassai;marche;13.645953;43.025967;330;Marche
marche_712;Pianello;marche;12.553353;43.512161;400;Marche
marche_713;Pioraco;marche;12.973331;43.181114;445;Marche
marche_714;Sassoferrato;marche;12.856347;43.424988;386;Marche
marche_715;Arquata Del Tronto;marche;13.29544;42.777809;700;Marche
marche_716;Ripatransone;marche;13.78501;42.992119;409;Marche
marche_718;Croce Di Casale;marche;13.40683;42.905209;760;Marche
marche_720;Amandola;marche;13.35134;42.976379;463;Marche
marche_723;Pieve Bovigliana;marche;13.086903;43.072571;451;Marche
piemonte_5598;Isola S. Antonio;piemonte;8.855;45.022;76;Piemonte
piemonte_5599;Ovada;piemonte;8.637;44.648;193;Piemonte
piemonte_5600;Alessandria Lobbi;piemonte;8.705;44.938;88;Piemonte
piemonte_5602;Casale Monferrato;piemonte;8.505;45.133;105;Piemonte
piemonte_5603;Asti Tanaro;piemonte;8.213;44.886;116;Piemonte
piemonte_5605;Alba Tanaro;piemonte;8.029;44.706;163;Piemonte
piemonte_5607;Chiusa Pesio;piemonte;7.661;44.234;924;Piemonte
piemonte_5608;Pontechianale;piemonte;7.054;44.613;1650;Piemonte
piemonte_5609;Mondovi';piemonte;7.812;44.397;414;Piemonte
piemonte_5611;Brossasco;piemonte;7.374;44.569;675;Piemonte
piemonte_5612;Bra;piemonte;7.853;44.702;327;Piemonte
piemonte_5613;Boves;piemonte;7.563;44.336;573;Piemonte
piemonte_5616;Borgomanero;piemonte;8.461;45.689;299;Piemonte
piemonte_5617;Pietrastretta;piemonte;7.055;45.143;732;Piemonte
piemonte_5620;Salbertrand;piemonte;6.895;45.072;1150;Piemonte
piemonte_5621;Luserna S. Giovanni;piemonte;7.242;44.814;468;Piemonte
piemonte_5627;Lanzo;piemonte;7.494;45.29;565;Piemonte
piemonte_5628;Cumiana;piemonte;7.392;44.965;305;Piemonte
piemonte_5629;Coazze;piemonte;7.245;45.043;1110;Piemonte
piemonte_5630;Lago Agnel;piemonte;7.14;45.469;2326;Piemonte
piemonte_5631;Prerichard;piemonte;6.718;45.076;1627;Piemonte
piemonte_5632;Ala Di Stura;piemonte;7.311;45.313;1063;Piemonte
piemonte_5634;Vercelli;piemonte;8.391;45.326;132;Piemonte
piemonte_5639;Piedicavallo;piemonte;7.957;45.69;1108;Piemonte
piemonte_5640;Oropa;piemonte;7.982;45.628;1222;Piemonte
piemonte_5642;Cicogna;piemonte;8.493;46.004;597;Piemonte
piemonte_5644;Alpe Cheggio;piemonte;8.117;46.086;1661;Piemonte
piemonte_5645;Sambughetto;piemonte;8.313;45.907;807;Piemonte
piemonte_5646;Crodo;piemonte;8.325;46.228;571;Piemonte
piemonte_5647;Pallanza;piemonte;8.55;45.925;214;Piemonte
piemonte_5648;Candoglia Toce;piemonte;8.423;45.976;375;Piemonte
piemonte_5649;Domodossola;piemonte;8.303;46.104;255;Piemonte
piemonte_5650;Anzino;piemonte;8.157;45.988;623;Piemonte
piemonte_5651;Alpe Devero;piemonte;8.261;46.317;1700;Piemonte
puglia_11;Bari_(Facolta_dingegneria);puglia;16.87778;41.10639;23;Puglia
puglia_12;Bari_(Osservatorio);puglia;16.87167;41.11722;34;Puglia
puglia_13;Bari_(Ufficio_idrografico);puglia;16.88194;41.11972;17;Puglia
puglia_97;Nardo;puglia;18.03333;40.16694;54;Puglia
puglia_1;Adelfia;puglia;16.85083;41;153;Puglia
puglia_2;Alberona;puglia;15.11694;41.4175;744;Puglia
puglia_3;Altamura;puglia;16.55278;40.82389;458;Puglia
puglia_4;Andretta;puglia;15.3175;40.91722;890;Puglia
puglia_5;Andria;puglia;16.28417;41.21806;162;Puglia
puglia_8;Ascoli_satriano;puglia;15.55056;41.20083;435;Puglia
puglia_9;Atella;puglia;15.61806;40.86806;495;Puglia
puglia_10;Avetrana;puglia;17.71722;40.33389;80;Puglia
puglia_14;Barletta;puglia;16.20028;41.30056;30;Puglia
puglia_15;Biccari;puglia;15.18389;41.40056;590;Puglia
puglia_16;Bisaccia;puglia;15.36722;41.00028;900;Puglia
puglia_17;Bisceglie;puglia;16.48389;41.23361;30;Puglia
puglia_18;Bitonto;puglia;16.68389;41.10028;126;Puglia
puglia_19;Borgo_liberta;puglia;15.75056;41.18361;235;Puglia
puglia_20;Bosco_umbra;puglia;16.03389;41.81667;780;Puglia
puglia_21;Bovino;puglia;15.31806;41.10083;620;Puglia
puglia_22;Brindisi;puglia;17.91722;40.63389;22;Puglia
puglia_23;Cagnano_varano;puglia;15.80028;41.83361;181;Puglia
puglia_24;Calitri;puglia;15.41694;40.88417;670;Puglia
puglia_27;Canosa_di_puglia;puglia;16.10056;41.21694;116;Puglia
puglia_30;Casamassima;puglia;16.91667;40.95028;229;Puglia
puglia_31;Cassano_murge;puglia;16.76667;40.88361;380;Puglia
puglia_32;Castel_del_monte;puglia;16.31694;41.06722;470;Puglia
puglia_33;Castellana_grotte;puglia;17.20056;40.8675;300;Puglia
puglia_34;Castellaneta;puglia;16.9175;40.61722;236;Puglia
puglia_35;Castelluccio_dei_sauri;puglia;15.51667;41.30028;210;Puglia
puglia_36;Ceglie_messapica;puglia;17.51694;40.60139;286;Puglia
puglia_38;Cerignola;puglia;15.90028;41.25056;134;Puglia
puglia_39;Collepasso;puglia;18.16778;40.06667;120;Puglia
puglia_40;Conversano;puglia;17.10083;40.95056;212;Puglia
puglia_41;Copertino;puglia;18.05;40.26667;48;Puglia
puglia_42;Corato;puglia;16.40056;41.15;249;Puglia
puglia_44;Crispiano;puglia;17.23472;40.58444;264;Puglia
puglia_48;Diga_rendina;puglia;15.7175;41.03333;214;Puglia
puglia_50;Fasano;puglia;17.35028;40.83361;118;Puglia
puglia_52;Foggia_(Osservatorio);puglia;15.54306;41.46167;94;Puglia
puglia_53;Fonte_rosa;puglia;15.76778;41.41722;25;Puglia
puglia_54;Forenza;puglia;15.85028;40.83472;753;Puglia
puglia_55;Galatina;puglia;18.16778;40.13417;84;Puglia
puglia_56;Gallipoli;puglia;17.99444;40.05444;31;Puglia
puglia_57;Ginosa;puglia;16.7575;40.57778;254;Puglia
puglia_58;Ginosa_marina;puglia;16.88472;40.43361;15;Puglia
puglia_59;Gioia_del_colle;puglia;16.91694;40.8;377;Puglia
puglia_60;Giovinazzo;puglia;16.66694;41.18333;22;Puglia
puglia_61;Grottaglie;puglia;17.43361;40.53361;165;Puglia
puglia_62;Grumo_appula;puglia;16.71806;40.98472;202;Puglia
puglia_64;Lagopesole;puglia;15.73333;40.8;769;Puglia
puglia_65;Latiano;puglia;17.70056;40.55;114;Puglia
puglia_66;Lavello;puglia;15.795;41.05056;328;Puglia
puglia_67;Lecce;puglia;18.16667;40.35028;51;Puglia
puglia_68;Lesina;puglia;15.35;41.85056;17;Puglia
puglia_69;Lizzano;puglia;17.43417;40.38389;71;Puglia
puglia_70;Loconia;puglia;15.95028;41.11778;102;Puglia
puglia_71;Locorotondo;puglia;17.33333;40.75;397;Puglia
puglia_72;Lucera;puglia;15.33333;41.50056;224;Puglia
puglia_73;Maglie;puglia;18.28389;40.10083;102;Puglia
puglia_74;Manduria;puglia;17.63444;40.36806;81;Puglia
puglia_75;Manfredonia-Bonifica_sipontina;puglia;15.88;41.58306;2;Puglia
puglia_77;Massafra;puglia;17.10056;40.58361;113;Puglia
puglia_82;Masseria_monteruga;puglia;17.81722;40.33389;92;Puglia
puglia_84;Masseria_s._Chiara;puglia;16.13333;41.33361;10;Puglia
puglia_85;Melendugno;puglia;18.26722;40.26722;50;Puglia
puglia_86;Melfi;puglia;15.61694;40.98389;569;Puglia
puglia_87;Mercadante;puglia;16.7;40.88389;395;Puglia
puglia_88;Minervino_di_lecce;puglia;18.41667;40.08361;104;Puglia
puglia_89;Minervino_murge;puglia;16.08333;41.06694;502;Puglia
puglia_90;Monteleone_di_puglia;puglia;15.25028;41.15056;828;Puglia
puglia_91;Montemilone;puglia;15.95083;41.01722;350;Puglia
puglia_92;Monte_s._Angelo;puglia;15.95056;41.70028;808;Puglia
puglia_94;Monticchio_bagni;puglia;15.6;40.93333;713;Puglia
puglia_98;Noci;puglia;17.11667;40.78389;431;Puglia
puglia_99;Novoli;puglia;18.05056;40.36694;51;Puglia
puglia_100;Nusco;puglia;15.08333;40.88333;863;Puglia
puglia_101;Orsara_di_puglia;puglia;15.28472;41.25111;683;Puglia
puglia_102;Ortanova;puglia;15.70028;41.31722;84;Puglia
puglia_104;Ostuni;puglia;17.56694;40.73389;115;Puglia
puglia_105;Otranto;puglia;18.48417;40.15028;27;Puglia
puglia_108;Pescopagano;puglia;15.36806;40.81778;920;Puglia
puglia_109;Pietramontecorvino;puglia;15.11722;41.53389;464;Puglia
puglia_111;Polignano_a_mare;puglia;17.21667;40.98361;50;Puglia
puglia_112;Presicce;puglia;18.26667;39.88389;105;Puglia
puglia_114;Ripacandida;puglia;15.73333;40.90083;658;Puglia
puglia_115;Rocchetta_s._Antonio;puglia;15.45083;41.10028;679;Puglia
puglia_116;Rocchetta_s._Antonio_(Scalo_);puglia;15.53417;41.06722;220;Puglia
puglia_117;Ruffano;puglia;18.26667;39.9675;134;Puglia
puglia_118;Ruvo_di_puglia;puglia;16.48361;41.10083;274;Puglia
puglia_119;San_fele;puglia;15.5175;40.80028;902;Puglia
puglia_120;San_giorgio_jonico;puglia;17.3675;40.45028;86;Puglia
puglia_121;San_giovanni_rotondo;puglia;15.75028;41.70111;572;Puglia
puglia_122;San_marco_in_lamis;puglia;15.63333;41.70056;564;Puglia
puglia_123;Sannicandro_garganico;puglia;15.58417;41.83361;228;Puglia
puglia_124;San_pancrazio_salentino;puglia;17.83361;40.41667;69;Puglia
puglia_126;San_pietro_vernotico;puglia;18.00083;40.4675;49;Puglia
puglia_128;San_severo;puglia;15.38333;41.68389;99;Puglia
puglia_129;Santagata_di_puglia;puglia;15.38417;41.13417;710;Puglia
puglia_130;Santa_maria_di_leuca;puglia;18.35;39.78417;26;Puglia
puglia_131;Sant_angelo_dei_lombardi;puglia;15.18333;40.9175;886;Puglia
puglia_132;Santeramo_in_colle;puglia;16.75056;40.78389;489;Puglia
puglia_133;San_vito_dei_normanni;puglia;17.70028;40.65028;121;Puglia
puglia_134;Savignano_irpino;puglia;15.18333;41.21694;726;Puglia
puglia_135;Spinazzola;puglia;16.08417;40.95056;458;Puglia
puglia_137;Talsano;puglia;17.26694;40.40056;37;Puglia
puglia_138;Taranto;puglia;17.25028;40.46417;27;Puglia
puglia_139;Taviano;puglia;18.08361;39.9675;65;Puglia
puglia_141;Tertiveri;puglia;15.20028;41.43333;364;Puglia
puglia_142;Torremaggiore;puglia;15.28389;41.68361;184;Puglia
puglia_143;Troia;puglia;15.30056;41.35056;436;Puglia
puglia_144;Turi;puglia;17.01667;40.90083;268;Puglia
puglia_145;Venosa;puglia;15.80056;40.95083;415;Puglia
puglia_146;Vico_garganico;puglia;15.91722;41.8175;450;Puglia
puglia_147;Vieste;puglia;16.16694;41.8675;33;Puglia
puglia_148;Vignacastrisi;puglia;18.4;40.00056;99;Puglia
puglia_150;Volturino;puglia;15.10056;41.45028;713;Puglia
sardegna_CA052B064;Fluminimaggiore;sardegna;8.49886600915196;39.4369768265177;45;Sardegna
sardegna_CA052B250;Su Zurfuru (M.ra);sardegna;8.49968628560545;39.4197700629876;105;Sardegna
sardegna_CA058B055;Dolianova F.c.;sardegna;9.16768703994305;39.3767527108414;191;Sardegna
sardegna_OR060B428;Idrovora 14;sardegna;8.58064300801401;39.7739549106893;7;Sardegna
sardegna_SS047B122;Olmedo;sardegna;8.37740443162495;40.6517816384678;52;Sardegna
sardegna_CA011B539;Mandas Rf;sardegna;9.13193871572291;39.6594416226669;490;Sardegna
sardegna_CA018B579;Sardara Rf;sardegna;8.81416971109033;39.6200016595188;222;Sardegna
sardegna_CA027B574;Sanluri Strovina;sardegna;8.84611419725182;39.5261143022019;61;Sardegna
sardegna_CA029B508;Flumendosa A Ballao Rf;sardegna;9.35333549375275;39.5538910129172;100;Sardegna
sardegna_CA034B582;Senorbi Rf;sardegna;9.13833226100289;39.5450018819387;234;Sardegna
sardegna_CA048B551;Nuraminis Rf;sardegna;9.01805019481742;39.4522197230707;135;Sardegna
sardegna_CA059B594;Villasor Rf;sardegna;8.9388879901322;39.3716672777638;22;Sardegna
sardegna_CA061B591;Vallermosa Rf;sardegna;8.80194547897078;39.3750019536471;81;Sardegna
sardegna_CA069B522;Flumini Mannu A Decimomannu;sardegna;8.95305959507107;39.3074987257463;12;Sardegna
sardegna_CA086B520;Carbonia C.ra Flumentepido;sardegna;8.48166592069252;39.1888882344445;74;Sardegna
sardegna_CA095B577;Santadi Rf;sardegna;8.71972706495346;39.0916631225;164;Sardegna
sardegna_CA097B578;Sant'antioco Rf;sardegna;8.4500006899547;39.061948193469;94;Sardegna
sardegna_CA101B562;Sant'anna Arresi Porto Pino;sardegna;8.62027419303465;38.9744424638753;2;Sardegna
sardegna_CA102B530;Pula Is Cannoneris;sardegna;8.84888759649053;39.0330585652471;717;Sardegna
sardegna_CA102B565;Pula Rf;sardegna;8.99889108484417;39.0169450775187;14;Sardegna
sardegna_NU008B538;Onani' Mamone;sardegna;9.42222152072071;40.5705548304553;868;Sardegna
sardegna_NU010B535;Lula Rf;sardegna;9.48444129206838;40.4633294500655;611;Sardegna
sardegna_NU016B554;Orosei Rf;sardegna;9.6758342533701;40.376665791306;64;Sardegna
sardegna_NU023B512;Bosa Marina Rf;sardegna;8.4774970552312;40.2908365800236;3;Sardegna
sardegna_NU034B536;Macomer Rf;sardegna;8.76500008378575;40.2608305795578;556;Sardegna
sardegna_NU043B537;Mamoiada Rf;sardegna;9.28527326235929;40.210273844319;686;Sardegna
sardegna_NU048B525;Fonni Rf;sardegna;9.25333712956928;40.1133334656033;1055;Sardegna
sardegna_NU051B527;Urzulei Genna Silana;sardegna;9.50916280440483;40.159169735024;1013;Sardegna
sardegna_NU063B509;Villagrande Bau Mandara;sardegna;9.42555824116481;39.9822243209777;863;Sardegna
sardegna_NU081B570;Sadali Rf;sardegna;9.27610975606722;39.8124968431981;759;Sardegna
sardegna_NU085B531;Jerzu Rf;sardegna;9.51277662189506;39.7952760185704;576;Sardegna
sardegna_NU095B588;Tertenia Rf;sardegna;9.58166614578425;39.6883344144295;104;Sardegna
sardegna_NU098B518;Escalaplano Rf;sardegna;9.34500463427846;39.6202777464497;307;Sardegna
sardegna_OR005B581;Sedilo Rf;sardegna;8.91360747666866;40.171113479165;277;Sardegna
sardegna_OR009B501;Abbasanta Rf;sardegna;8.81389003514009;40.1305522206108;328;Sardegna
sardegna_OR025B616;Diga Cantoniera;sardegna;8.8608368579971;40.0111136505998;123;Sardegna
sardegna_OR026B510;Bauladu Rf;sardegna;8.67111228146474;40.023884768758;38;Sardegna
sardegna_OR027B568;San Vero Milis Putzuidu;sardegna;8.39471804006698;40.0369429152031;7;Sardegna
sardegna_OR036B521;Flumineddu A Allai Rf;sardegna;8.85722248797421;39.9575008103612;65;Sardegna
sardegna_OR039B571;Samugheo Rf;sardegna;8.9333309352338;39.9500012670808;420;Sardegna
sardegna_OR057B592;Villa Verde Rf;sardegna;8.8208331020528;39.7872244664852;249;Sardegna
sardegna_SS005B502;Aglientu Rf;sardegna;9.11222026571065;41.0833334620396;431;Sardegna
sardegna_SS025B563;Porto Torres Andriolu;sardegna;8.40832932410684;40.8222243936803;24;Sardegna
sardegna_SS026B517;Perfugas Rf;sardegna;8.95888615556012;40.8608311521902;116;Sardegna
sardegna_SS033B541;Martis Rf;sardegna;8.80193855541594;40.7741686598937;341;Sardegna
sardegna_SS035B558;Osilo Rf;sardegna;8.67805898762409;40.7372245552043;693;Sardegna
sardegna_SS037B580;Sassari Rf;sardegna;8.59471787140158;40.7155574970458;364;Sardegna
sardegna_SS038B556;Oschiri Rf;sardegna;9.1025000893703;40.7261149573568;252;Sardegna
sardegna_SS046B503;Ala' Dei Sardi Rf;sardegna;9.32444643878896;40.6458332822673;665;Sardegna
sardegna_SS050B505;Ardara Fs;sardegna;8.81916252196964;40.6319405922083;244;Sardegna
sardegna_SS053B606;Diga Monte Lerno;sardegna;9.15028268678665;40.5900031830609;564;Sardegna
sardegna_SS054B613;Diga Sos Canales;sardegna;9.31360717258774;40.5536126530377;719;Sardegna
sardegna_SS060B597;Diga Bidighinzu;sardegna;8.6633356075187;40.5563855731972;346;Sardegna
sardegna_SS066B590;Torralba Rf;sardegna;8.76750582413704;40.5038856748877;409;Sardegna
sardegna_SS068B593;Villanova Monteleone Rf;sardegna;8.4708309805549;40.499448579781;624;Sardegna
sardegna_SS081B564;Pozzomaggiore Rf;sardegna;8.66416151800244;40.395558684263;441;Sardegna
sardegna_SS086B589;Tirso A Rifornitore Tirso;sardegna;9.03472524725985;40.325832156738;191;Sardegna
sardegna_SS087B585;Stintino Punta De S'aquila;sardegna;8.21305303429796;40.9397240421005;76;Sardegna
sardegna_NU009S249;Bitti Ru;sardegna;9.34047172683562;40.4941855824078;777;Sardegna
sardegna_OR011S220;Ghilarza Ru;sardegna;8.82316173766274;40.108258956677;292;Sardegna
sardegna_SS013S261;Valledoria Ru;sardegna;8.83167666753418;40.9403858663727;1;Sardegna
sardegna_CA013B093;Lunamatrona;sardegna;8.89724022178264;39.6512897173844;162;Sardegna
sardegna_CA021B076;Goni;sardegna;9.28600311510816;39.5773682366065;377;Sardegna
sardegna_CA025B188;Segariu;sardegna;8.98280587078276;39.5629417312556;129;Sardegna
sardegna_CA026B079;Guasila;sardegna;9.04648303185095;39.5622128689346;210;Sardegna
sardegna_CA030B175;S.gavino Monreale;sardegna;8.7903082162297;39.5506797895478;51;Sardegna
sardegna_CA035B106;Montevecchio;sardegna;8.57052114232167;39.5571036126559;370;Sardegna
sardegna_CA038B170;S.nicolo' Gerrei;sardegna;9.30393741009904;39.4980303277078;365;Sardegna
sardegna_CA040B077;Gonnosfanadiga;sardegna;8.6617434247411;39.4927995320915;190;Sardegna
sardegna_CA045B021;Barrali;sardegna;9.09826960863191;39.4845097423027;132;Sardegna
sardegna_CA046B160;S.andrea Frius;sardegna;9.16851261182584;39.4785722721588;279;Sardegna
sardegna_CA047B108;Montimannu (Caserma);sardegna;8.6636078728369;39.3953999446248;350;Sardegna
sardegna_CA047B226;Villacidro F.c.;sardegna;8.74209714329973;39.463000235329;213;Sardegna
sardegna_CA049B421;Cuiliseu;sardegna;9.4716992741223809;39.3091837629253;143;Sardegna
sardegna_CA054B109;Muravera;sardegna;9.56293078621571;39.4240793192767;19;Sardegna
sardegna_CA067B113;Nebida;sardegna;8.43640664309125;39.3143708578456;0;Sardegna
sardegna_CA071B199;Siliqua;sardegna;8.80694348905287;39.3012027037342;53;Sardegna
sardegna_CA072B192;Sestu (C.ra);sardegna;9.06602169948544;39.2964781637393;48;Sardegna
sardegna_CA073B050;Corongiu;sardegna;9.28062328758127;39.3108464100845;126;Sardegna
sardegna_CA073B171;Sa Pira (Caserma);sardegna;9.18620127085622;39.3095939821353;215;Sardegna
sardegna_CA078B229;Villamassargia;sardegna;8.63994980316387;39.2758459120793;154;Sardegna
sardegna_CA079B016;Bacu Abis (Flument.);sardegna;8.4659528109316;39.2424233762137;60;Sardegna
sardegna_CA081B063;Flumini Di Quartu;sardegna;9.28743932964678;39.218963413284;4;Sardegna
sardegna_CA085B112;Narcao;sardegna;8.67545642139799;39.168629473274;127;Sardegna
sardegna_CA085B210;Terraseu;sardegna;8.62537558921558;39.2041629137049;325;Sardegna
sardegna_CA088B119;Nuxis;sardegna;8.74438890602942;39.153256931384;0;Sardegna
sardegna_CA090B046;Carloforte;sardegna;8.31227794672092;39.1374059359339;18;Sardegna
sardegna_CA092B140;Palmas Suergiu;sardegna;8.55777362402034;39.0690298977095;12;Sardegna
sardegna_CA095B141;Pantaleo;sardegna;8.7978069188722;39.0902386915903;240;Sardegna
sardegna_CA099B422;Monti Nieddu;sardegna;8.90363995961442;39.1019355605609;267;Sardegna
sardegna_CA101B162;S.anna Arresi;sardegna;8.64074762053222;39.0053350663107;58;Sardegna
sardegna_CA102B148;Piscinamanna;sardegna;8.91933147511757;38.9921630189455;255;Sardegna
sardegna_CA103B212;Teulada;sardegna;8.77275431357502;38.9697115294852;50;Sardegna
sardegna_CA104B056;Domus De Maria;sardegna;8.8637659225704;38.9442608335118;84;Sardegna
sardegna_CA105B047;Castiadas;sardegna;9.49688781641023;39.2363252448222;167;Sardegna
sardegna_NU001B431;Suaredda;sardegna;9.65755914668636;40.7816629107138;2;Sardegna
sardegna_NU002B035;Budoni (C.ra);sardegna;9.69804362993199;40.7103567647864;20;Sardegna
sardegna_NU004B216;Torpe';sardegna;9.67649022735894;40.6276954866781;24;Sardegna
sardegna_NU005B091;Lode';sardegna;9.53951195557366;40.5913004285211;345;Sardegna
sardegna_NU015B068;Galtelli';sardegna;9.61493311805867;40.3871859784262;40;Sardegna
sardegna_NU021B197;Sig.marta (C.ra);sardegna;9.13551951186112;40.3242804645782;343;Sardegna
sardegna_NU024B058;Dorgali;sardegna;9.58911653554101;40.2907868542896;387;Sardegna
sardegna_NU025B198;Silanus;sardegna;8.88145445641191;40.2905141542168;439;Sardegna
sardegna_NU030B121;Oliena;sardegna;9.40431235295357;40.2753634567089;378;Sardegna
sardegna_NU038B134;Ottana;sardegna;9.04270770541368;40.2347988606709;185;Sardegna
sardegna_NU041B115;Noragugume;sardegna;8.91941515364472;40.2256791497758;288;Sardegna
sardegna_NU042B031;Borore (Cabina);sardegna;8.81281892950904;40.2214115057173;410;Sardegna
sardegna_NU044B105;Montes;sardegna;9.39449174034701;40.1234979324166;1060;Sardegna
sardegna_NU044B124;Orgosolo;sardegna;9.35383531262167;40.204534751289;591;Sardegna
sardegna_NU045B433;Benzone (Diga);sardegna;9.05278321804033;40.1452312068664;165;Sardegna
sardegna_NU047B069;Gavoi;sardegna;9.1929631354372;40.1590562883727;777;Sardegna
sardegna_NU052B015;Austis;sardegna;9.08928049446836;40.071519039188;737;Sardegna
sardegna_NU054B205;Talana;sardegna;9.4967021763185;40.0411171653936;682;Sardegna
sardegna_NU058B202;Sorgono;sardegna;9.10480996453476;40.027178191623;687;Sardegna
sardegna_NU059B215;Tonara;sardegna;9.17512722598279;40.026642770739;938;Sardegna
sardegna_NU060B054;Desulo;sardegna;9.2297007020855;40.0146545650631;920;Sardegna
sardegna_NU063B025;Bau Muggeris;sardegna;9.42629644352066;39.9540028881147;820;Sardegna
sardegna_NU063B172;Sa Teula Centrale;sardegna;9.53991991480306;39.962088702369;251;Sardegna
sardegna_NU063B227;Villagrande;sardegna;9.50654495015802;39.9613383626128;679;Sardegna
sardegna_NU067B101;Meanasardo;sardegna;9.07284516401143;39.9453034018225;585;Sardegna
sardegna_NU069B014;Arzana;sardegna;9.5281036715614;39.9176345816567;674;Sardegna
sardegna_NU074B195;Seulo;sardegna;9.23529981301838;39.8705753684695;797;Sardegna
sardegna_NU076B180;Santa Sofia;sardegna;9.13227757737282;39.867314805162;825;Sardegna
sardegna_NU077B067;Gairo Tasquisara;sardegna;9.4649746309905;39.856727516094;784;Sardegna
sardegna_NU079B194;Seui F.c.;sardegna;9.32611424115076;39.837288876339;812;Sardegna
sardegna_NU084B072;Genoni;sardegna;9.0077438863458;39.793777722362;447;Sardegna
sardegna_NU085B070;Genna Cresia (C.ra);sardegna;9.55288602714283;39.7835409613355;272;Sardegna
sardegna_NU087B060;Esterzili F.c.;sardegna;9.25499247937069;39.7888125752477;698;Sardegna
sardegna_NU088B231;Villanovatulo;sardegna;9.2134499724332;39.7624967054546;347;Sardegna
sardegna_NU090B049;Col.penale Sarcidano;sardegna;9.14466807046326;39.8099059996425;699;Sardegna
sardegna_NU090B084;Is Acquas;sardegna;9.11538104837031;39.7620049089458;450;Sardegna
sardegna_NU091B118;Nurri F.c.;sardegna;9.22942446323926;39.7212896532671;557;Sardegna
sardegna_NU093B073;Gergei;sardegna;9.10069707374144;39.6997579588596;374;Sardegna
sardegna_OR001B219;Tresnuraghes F.c.;sardegna;8.52438426111756;40.2568033913772;263;Sardegna
sardegna_OR004B052;Cuglieri;sardegna;8.56784641369831;40.1902141211693;484;Sardegna
sardegna_OR004B207;Tega (C.ra);sardegna;8.52521767715634;40.1542795002781;241;Sardegna
sardegna_OR007B183;Santulussurgiu;sardegna;8.65243923211033;40.1423881818123;557;Sardegna
sardegna_OR018B142;Paulilatino;sardegna;8.76358306197017;40.0831148799478;280;Sardegna
sardegna_OR025B037;Busachi;sardegna;8.89631866767797;40.0325850591847;379;Sardegna
sardegna_OR030B156;Riola;sardegna;8.54013585806996;39.9964008054045;9;Sardegna
sardegna_OR038B181;Santa Vittoria;sardegna;8.73728725322262;39.9666522907402;22;Sardegna
sardegna_OR042B200;Simaxis;sardegna;8.68979290578253;39.9305855867121;17;Sardegna
sardegna_OR046B125;Oristano;sardegna;8.60288310303312;39.9024799232427;12;Sardegna
sardegna_OR048B179;S.giusta;sardegna;8.60853965424709;39.8746584444104;10;Sardegna
sardegna_OR051B102;Mogorella;sardegna;8.85845360598737;39.8656820638284;299;Sardegna
sardegna_OR060B080;Idrovora Sassu;sardegna;8.57598210900516;39.8256197368024;5;Sardegna
sardegna_OR061B005;Ales;sardegna;8.82118239522515;39.7650780719748;167;Sardegna
sardegna_OR069B019;Baradili F.c.;sardegna;8.89678918981209;39.7193981026256;158;Sardegna
sardegna_OR073B221;Uras Ff.ss.;sardegna;8.70261189381024;39.6992405961195;20;Sardegna
sardegna_OR077B103;Mogoro;sardegna;8.77859668766875;39.683110758335;134;Sardegna
sardegna_SS003B139;Palau;sardegna;9.38288805678963;41.1815157280821;5;Sardegna
sardegna_SS012B002;Aggius;sardegna;9.06429382807863;40.9290952476431;514;Sardegna
sardegna_SS013B169;S.maria Coghinas;sardegna;8.8878343629225;40.9108617283826;10;Sardegna
sardegna_SS014B120;Olbia;sardegna;9.50764549488984;40.923761862367;15;Sardegna
sardegna_SS014B176;S.pantaleo;sardegna;9.46742282028348;41.0471643575792;169;Sardegna
sardegna_SS015B041;Calangianus;sardegna;9.18897113398787;40.919859899344;490;Sardegna
sardegna_SS018B022;Bassacutena;sardegna;9.26122539713684;41.1097018609676;69;Sardegna
sardegna_SS022B165;S.giovanni Coghinas;sardegna;8.75636925169729;40.8827329253713;210;Sardegna
sardegna_SS022B187;Sedini;sardegna;8.81722779650647;40.8509555382325;320;Sardegna
sardegna_SS028B236;Zuighe;sardegna;9.36681996068182;40.7573780378767;520;Sardegna
sardegna_SS038B038;Caddau (C.ra);sardegna;9.09147098113764;40.8263898089535;570;Sardegna
sardegna_SS042B045;Cargeghe;sardegna;8.61398850330724;40.6691206873318;334;Sardegna
sardegna_SS044B149;Ploaghe;sardegna;8.74580866658076;40.6642610577817;420;Sardegna
sardegna_SS046B100;Mazzinaiu (C.ra);sardegna;9.37152993707092;40.7096172422583;617;Sardegna
sardegna_SS049B222;Uri;sardegna;8.49107682133829;40.6358525808663;150;Sardegna
sardegna_SS051B087;Ittiri;sardegna;8.56879764073715;40.59481853444;392;Sardegna
sardegna_SS052B135;Ozieri;sardegna;9.0034622312398;40.5844523183606;390;Sardegna
sardegna_SS054B034;Budduso';sardegna;9.25938245386289;40.5780351218748;690;Sardegna
sardegna_SS054B137;Padru;sardegna;9.52137480969009;40.7663323880502;165;Sardegna
sardegna_SS059B061;Fertilia;sardegna;8.28693404264485;40.5947286701585;10;Sardegna
sardegna_SS059B159;Rudas (C.ra);sardegna;8.38074428350646;40.610359412442;34;Sardegna
sardegna_SS062B086;Ittireddu;sardegna;8.90391639397414;40.5457641509704;410;Sardegna
sardegna_SS069B424;Romana;sardegna;8.60193095077563;40.4879565094344;268;Sardegna
sardegna_SS077B030;Bonorva;sardegna;8.76854214807337;40.4186349169172;479;Sardegna
sardegna_SS077B168;S.lucia Di Bonorva;sardegna;8.84185010394273;40.4228125434696;360;Sardegna
sardegna_SS083B033;Bottida F.c.;sardegna;9.01205284331282;40.3867032119616;358;Sardegna
sardegna_SS086B083;Illorai;sardegna;8.99932877009578;40.3528291494436;503;Sardegna
sicilia_13949;Cattolica  Eraclea;sicilia;13.600611;37.748333;676;Sicilia
sicilia_11804;Lentina;sicilia;12.674973;38.052187000000004;113;Sicilia
sicilia_11805;Trapani;sicilia;12.506774;38.013603;2;Sicilia
sicilia_11806;Castellammare Del Golfo;sicilia;12.885201;38.020576;61;Sicilia
sicilia_11807;San Vito Lo Capo;sicilia;12.732357;38.187465;9;Sicilia
sicilia_11809;Borgo Fazio;sicilia;12.663609;37.85613;176;Sicilia
sicilia_11810;Birgi Nuovo;sicilia;12.495327;37.883963;21;Sicilia
sicilia_11811;Ciavolo;sicilia;12.550884;37.759824;98;Sicilia
sicilia_11812;Marsala;sicilia;12.456187;37.810158;5;Sicilia
sicilia_11813;Mazara Del Vallo;sicilia;12.599055;37.656656;8;Sicilia
sicilia_11814;Salemi;sicilia;12.80567;37.828797;327;Sicilia
sicilia_11815;Diga TrinitÃ£Â ;sicilia;12.752419;37.691296;138;Sicilia
sicilia_11817;Castelvetrano;sicilia;12.800031;37.691017;174;Sicilia
sicilia_11819;Corleone;sicilia;13.301266;37.814435;629;Sicilia
sicilia_11820;Montalbano Elicona;sicilia;15.016871;38.022565;946;Sicilia
sicilia_11821;Roccamena;sicilia;13.153068;37.833963;471;Sicilia
sicilia_11823;Diga Arancio;sicilia;13.061259;37.625709;184;Sicilia
sicilia_11825;Sciacca;sicilia;13.126871;37.511873;110;Sicilia
sicilia_11827;Piano Del Leone;sicilia;13.465549;37.670792;876;Sicilia
sicilia_11828;Palazzo Adriano;sicilia;13.378685;37.685958;620;Sicilia
sicilia_11829;Bisacquino;sicilia;13.257793;37.698209;590;Sicilia
sicilia_11831;Diga Castello;sicilia;13.408301;37.580671;264;Sicilia
sicilia_11832;Bivona;sicilia;13.438949;37.61914;554;Sicilia
sicilia_11834;San Piero Patti;sicilia;14.965536;38.05387;384;Sicilia
sicilia_11835;Diga Platani (Fanaco);sicilia;13.552996;37.670208;667;Sicilia
sicilia_11837;Santa Caterina Villarmosa;sicilia;14.029313;37.587764;606;Sicilia
sicilia_11839;Vallelunga;sicilia;13.834319;37.67867;472;Sicilia
sicilia_11840;Mussomeli;sicilia;13.754307;37.583624;821;Sicilia
sicilia_11841;Racalmuto;sicilia;13.729697;37.409678;419;Sicilia
sicilia_11842;Cattolica  Eraclea;sicilia;13.396481;37.440389;197;Sicilia
sicilia_11843;Agrigento;sicilia;13.588111;37.303537;212;Sicilia
sicilia_11845;CanicattÃ£Â¬;sicilia;13.849812;37.357789;456;Sicilia
sicilia_11846;Petralia Sottana;sicilia;14.093591;37.818103;1025;Sicilia
sicilia_11848;Alimena;sicilia;14.120925;37.705657;798;Sicilia
sicilia_11853;Pietraperzia;sicilia;14.137957;37.420458000000004;456;Sicilia
sicilia_11855;Cambobello Di Licata;sicilia;13.918287;37.264901;312;Sicilia
sicilia_11857;Tortorici;sicilia;14.824671;38.030117;590;Sicilia
sicilia_11858;Licata;sicilia;13.932402;37.098433;48;Sicilia
sicilia_11859;Butera;sicilia;14.184211;37.187795;252;Sicilia
sicilia_11861;Gela;sicilia;14.251353;37.063464;23;Sicilia
sicilia_11862;Piazza  Armerina;sicilia;14.369765;37.388265;708;Sicilia
sicilia_11863;Dissueri Diga;sicilia;14.289906;37.190185;165;Sicilia
sicilia_11864;Chiaramonte Gulfi;sicilia;14.703078;37.028439;673;Sicilia
sicilia_11865;Ragoleto Diga;sicilia;14.681745;37.126438;353;Sicilia
sicilia_11867;Ragusa;sicilia;14.723773;36.922496;532;Sicilia
sicilia_11868;Modica;sicilia;14.761858;36.858803;382;Sicilia
sicilia_11869;Ispica;sicilia;14.915745;36.784694;124;Sicilia
sicilia_11870;Castelluccio;sicilia;14.916855;36.932496;180;Sicilia
sicilia_11871;Palazzolo Acreide;sicilia;14.899688;37.060965;633;Sicilia
sicilia_11874;Lentini CittÃ£Â ;sicilia;14.998246;37.290823;40;Sicilia
sicilia_11876;Bronte;sicilia;14.83284;37.785136;737;Sicilia
sicilia_11877;Nicosia;sicilia;14.396684;37.746825;673;Sicilia
sicilia_11882;Caltagirone;sicilia;14.517966;37.239686;428;Sicilia
sicilia_11883;Mineo;sicilia;14.690246;37.264436;459;Sicilia
sicilia_11886;Zafferana Etnea;sicilia;15.105789;37.694213;590;Sicilia
sicilia_11887;Linguaglossa;sicilia;15.144488;37.839333;512;Sicilia
sicilia_11888;Acireale;sicilia;15.165228;37.620461;184;Sicilia
sicilia_11891;Floresta;sicilia;14.908035;37.986395;1266;Sicilia
sicilia_11892;Randazzo;sicilia;14.945065;37.876891;759;Sicilia
sicilia_11897;Santo Stefano Di Briga;sicilia;15.480576;38.099023;219;Sicilia
sicilia_11898;Messina Istituto Geofisico;sicilia;15.554106;38.200472;31;Sicilia
sicilia_11924;Castelbuono;sicilia;14.089174;37.929744;390;Sicilia
sicilia_11926;CefalÃ£Â¹;sicilia;14.016339;38.033856;58;Sicilia
sicilia_11929;Scillato;sicilia;13.914364;37.862158;425;Sicilia
sicilia_11930;Alia;sicilia;13.713416;37.7766;698;Sicilia
sicilia_11932;Vicari;sicilia;13.569884;37.827546;546;Sicilia
sicilia_11933;Ciminna;sicilia;13.559357;37.891796;467;Sicilia
sicilia_11935;Castroreale;sicilia;15.211153;38.09821;300;Sicilia
sicilia_11939;San Martino Delle Scale;sicilia;13.253264;38.089348;558;Sicilia
sicilia_11940;Partinico;sicilia;13.127707;38.0553;180;Sicilia
sicilia_11942;Palermo Osservatorio Astronomico;sicilia;13.350685;38.109161;27;Sicilia
sicilia_13763;Castroreale;sicilia;15.211806;38.099306;300;Sicilia
sicilia_13769;Montalbano Elicona;sicilia;15.017528;38.023667;946;Sicilia
sicilia_13771;S.piero Patti;sicilia;14.966194;38.054972;384;Sicilia
sicilia_13779;Tortorici;sicilia;14.825333;38.031222;590;Sicilia
sicilia_13785;S.agata Di Militello;sicilia;14.633083;38.064167;87;Sicilia
sicilia_13801;Castelbuono;sicilia;14.089861;37.930861;390;Sicilia
sicilia_13806;Cefalu';sicilia;14.017028;38.034972;58;Sicilia
sicilia_13813;Scillato;sicilia;13.915056;37.863278;425;Sicilia
sicilia_13815;Alia;sicilia;13.714111;37.777722;698;Sicilia
sicilia_13821;Vicari;sicilia;13.570583;37.828667;546;Sicilia
sicilia_13826;Sambuchi;sicilia;13.638889;37.87125;524;Sicilia
sicilia_13828;Ciminna;sicilia;13.560056;37.892917;467;Sicilia
sicilia_13834;Diga Scanzano;sicilia;13.371306;37.925028;532;Sicilia
sicilia_13852;Palermo Oss. Astron.;sicilia;13.351389;38.110278;27;Sicilia
sicilia_13862;Piano Piraino;sicilia;13.161056;37.932333;278;Sicilia
sicilia_13869;Lentina;sicilia;12.675694;38.053306;113;Sicilia
sicilia_13871;Trapani;sicilia;12.5075;38.014722;2;Sicilia
sicilia_13872;Castellammare Del G.;sicilia;12.885917;38.021694;61;Sicilia
sicilia_13873;San Vito Lo Capo;sicilia;12.733083;38.188583;3;Sicilia
sicilia_13875;Diga Rubino;sicilia;12.718083;37.882944;195;Sicilia
sicilia_13876;Borgo Fazio;sicilia;12.664333;37.85725;176;Sicilia
sicilia_13879;Birgi Nuovo;sicilia;12.496056;37.885083;21;Sicilia
sicilia_13880;Ciavolo;sicilia;12.551611;37.760944;98;Sicilia
sicilia_13881;Marsala;sicilia;12.456917;37.811278;5;Sicilia
sicilia_13883;Mazara Del Vallo;sicilia;12.599778;37.657778;11;Sicilia
sicilia_13884;Salemi;sicilia;12.806389;37.829917;327;Sicilia
sicilia_13885;Diga Trinita';sicilia;12.753139;37.692417;78;Sicilia
sicilia_13889;Castelvetrano;sicilia;12.80075;37.692139;202;Sicilia
sicilia_13897;Corleone;sicilia;13.301972;37.815556;629;Sicilia
sicilia_13899;Roccamena;sicilia;13.153778;37.835083;471;Sicilia
sicilia_13905;Diga Arancio;sicilia;13.061972;37.626833;184;Sicilia
sicilia_13907;Sciacca;sicilia;13.127583;37.513;110;Sicilia
sicilia_13909;Piano Del Leone;sicilia;13.46625;37.671917;876;Sicilia
sicilia_13910;Palazzo Adriano;sicilia;13.379389;37.687083;620;Sicilia
sicilia_13914;Bisacquino;sicilia;13.2585;37.699333;614;Sicilia
sicilia_13918;Diga Castello;sicilia;13.408944;37.581861;264;Sicilia
sicilia_13919;Bivona;sicilia;13.439889;37.620444;554;Sicilia
sicilia_13922;Carcarazza;sicilia;13.628861;37.670361;423;Sicilia
sicilia_13923;Diga Platani;sicilia;13.553694;37.671333;667;Sicilia
sicilia_13931;Favarella;sicilia;13.981306;37.458;483;Sicilia
sicilia_13932;S.caterina Villarmosa;sicilia;14.03;37.588889;606;Sicilia
sicilia_13938;Vallelunga;sicilia;13.721944;37.691667;640;Sicilia
sicilia_13940;Mussomeli;sicilia;13.755;37.58475;821;Sicilia
sicilia_13953;Agrigento;sicilia;13.588806;37.304667;212;Sicilia
sicilia_13959;Petralia Sottana;sicilia;14.094278;37.819222;1025;Sicilia
sicilia_13963;Alimena;sicilia;14.121611;37.706778;798;Sicilia
sicilia_13969;Enna;sicilia;14.273167;37.568944;804;Sicilia
sicilia_13972;Villapriolo;sicilia;14.195139;37.630583;511;Sicilia
sicilia_13980;Pietraperzia;sicilia;14.138639;37.421583;456;Sicilia
sicilia_13990;Gibbesi  Diga;sicilia;13.987472;37.307611;221;Sicilia
sicilia_13994;Cambobello Di Licata;sicilia;13.918972;37.266028;312;Sicilia
sicilia_13996;Licata;sicilia;13.933083;37.099556;15;Sicilia
sicilia_13998;Butera;sicilia;14.184889;37.188916999999996;252;Sicilia
sicilia_14000;Gela;sicilia;14.252028;37.064583;23;Sicilia
sicilia_14001;Piazza  Armerina;sicilia;14.370444;37.389389;708;Sicilia
sicilia_14002;Dissueri Diga;sicilia;14.290583;37.191306;165;Sicilia
sicilia_14007;Chiaramonte Gulfi;sicilia;14.70375;37.029556;673;Sicilia
sicilia_14008;Ragoleto  Diga;sicilia;14.682417;37.127556;353;Sicilia
sicilia_14014;Ragusa;sicilia;14.724444;36.923611;532;Sicilia
sicilia_14016;Modica;sicilia;14.762528;36.859917;382;Sicilia
sicilia_14019;Ispica;sicilia;14.916417;36.785806;103;Sicilia
sicilia_14025;Canicattini  Bagni;sicilia;15.060806;37.036333;341;Sicilia
sicilia_14026;Palazzolo Acreide;sicilia;14.900361;37.062083;633;Sicilia
sicilia_14038;Lentini Citta';sicilia;14.998917;37.291944;34;Sicilia
sicilia_14061;Bronte;sicilia;14.8335;37.78625;833;Sicilia
sicilia_14063;Nicosia;sicilia;14.397361;37.747944;673;Sicilia
sicilia_14089;Caltagirone;sicilia;14.518639;37.240806;428;Sicilia
sicilia_14090;Mineo;sicilia;14.690917;37.265556;459;Sicilia
sicilia_14094;Zafferana Etnea;sicilia;15.106444;37.695333;590;Sicilia
sicilia_14095;Linguaglossa;sicilia;15.145139;37.840444;512;Sicilia
sicilia_14098;Acireale;sicilia;15.165889;37.621583;184;Sicilia
sicilia_14104;Floresta;sicilia;14.908694;37.9875;1266;Sicilia
sicilia_14111;Francavilla Di Sicilia;sicilia;15.145361;37.907278;263;Sicilia
sicilia_14119;S.stefano Di Briga;sicilia;15.481222;38.100111;158;Sicilia
sicilia_14121;Messina Ist.geofisico;sicilia;15.55475;38.201556;31;Sicilia
toscana_4;Vallucciole;toscana;11.657476;43.842022;750;Toscana
toscana_5;Montemignaio;toscana;11.620676;43.740236;742;Toscana
toscana_6;Ortignano;toscana;11.751541;43.681925;428;Toscana
toscana_8;Badia Prataglia;toscana;11.876816;43.7942;935;Toscana
toscana_9;Bibbiena;toscana;11.830949;43.714149;397;Toscana
toscana_10;La Verna;toscana;11.931335;43.706911;1053;Toscana
toscana_11;Salutio;toscana;11.815369;43.621303;335;Toscana
toscana_12;Capezzine;toscana;11.932118;43.182868;324;Toscana
toscana_13;Bettolle;toscana;11.803501;43.202908;281;Toscana
toscana_14;Monte S.savino;toscana;11.742346;43.339127;283;Toscana
toscana_15;Cortona;toscana;11.996447999999999;43.268995;485;Toscana
toscana_16;Castiglion Fiorentino;toscana;11.928964;43.342826;281;Toscana
toscana_17;Arezzo;toscana;11.89285;43.471577;291;Toscana
toscana_19;Badia Agnano;toscana;11.649081;43.436499;265;Toscana
toscana_20;Nusenna In Chianti;toscana;11.531117;43.45024;479;Toscana
toscana_23;Pian Di Sco';toscana;11.55515;43.649965;470;Toscana
toscana_24;Il Palagio;toscana;11.429856;43.614937;293;Toscana
toscana_25;Vallombrosa;toscana;11.556821;43.731367;1050;Toscana
toscana_26;Cavallina;toscana;11.23742;43.983567;255;Toscana
toscana_27;Monte Di Fo';toscana;11.280845;44.079632;792;Toscana
toscana_31;Ponte A Olmo;toscana;11.304384;44.049072;506;Toscana
toscana_32;Vaglia;toscana;11.280048;43.912891;304;Toscana
toscana_33;S. Agata Di Mugello;toscana;11.33531;44.021705;337;Toscana
toscana_34;Razzuolo;toscana;11.467726;44.031584;775;Toscana
toscana_35;Ronta;toscana;11.436408;44.009048;457;Toscana
toscana_36;Borgo S. Lorenzo;toscana;11.39051;43.957877;194;Toscana
toscana_37;Villore;toscana;11.546251;43.966733;513;Toscana
toscana_38;Dicomano;toscana;11.5279;43.892594;293;Toscana
toscana_39;Consuma;toscana;11.585201;43.784466;908;Toscana
toscana_40;S. Brigida All'opaco;toscana;11.39838;43.854377;463;Toscana
toscana_41;Firenze Genio Civile;toscana;11.258303;43.779406;51;Toscana
toscana_46;Ferrone;toscana;11.259984;43.655384;188;Toscana
toscana_50;Cantagallo;toscana;11.083228;44.023971;494;Toscana
toscana_52;Vernio;toscana;11.156912;44.04747;316;Toscana
toscana_54;Le Croci Calenzano;toscana;11.214416;43.946505;416;Toscana
toscana_55;Prato Universita';toscana;11.099213;43.885556;64;Toscana
toscana_64;Radda In Chianti;toscana;11.379111;43.486026;464;Toscana
toscana_68;Simignano;toscana;11.168881;43.293748;453;Toscana
toscana_70;S. Gimignano;toscana;11.042352;43.47229;226;Toscana
toscana_72;S. Miniato (Cimitero);toscana;10.831479;43.684031;42;Toscana
toscana_74;Serra Pistoiese;toscana;10.75975;43.975617;700;Toscana
toscana_75;Montecatini Terme;toscana;10.773986;43.896797;120;Toscana
toscana_76;Castelmartini;toscana;10.829129;43.817839;22;Toscana
toscana_78;Volterra;toscana;10.862233;43.408995;372;Toscana
toscana_79;La Madonnina;toscana;10.909972;43.455625;271;Toscana
toscana_80;Orciatico;toscana;10.723384;43.435585;276;Toscana
toscana_82;Casciana Terme;toscana;10.618437;43.526575;97;Toscana
toscana_84;Coltano;toscana;10.391303;43.639594;4;Toscana
toscana_91;Miemo;toscana;10.670702;43.410186;440;Toscana
toscana_96;Montecatini V. Cecina;toscana;10.743084;43.387148;344;Toscana
toscana_98;Canneto;toscana;10.739307;43.202337;310;Toscana
toscana_101;Riparbella;toscana;10.603037;43.367253;241;Toscana
toscana_106;Monterotondo;toscana;10.858556;43.150218;605;Toscana
toscana_117;Montevarchi;toscana;11.567136;43.542615;145;Toscana
toscana_121;S. Piero A Sieve-Sieve;toscana;11.329263;43.96699;216;Toscana
toscana_137;Calenzano;toscana;11.156618;43.870227;67;Toscana
toscana_144;Montespertoli;toscana;11.133471;43.618974;263;Toscana
toscana_148;Certaldo;toscana;11.035636;43.546531;74;Toscana
toscana_149;Castelfiorentino;toscana;10.97041;43.604146;66;Toscana
toscana_153;Fornacino;toscana;10.850613;43.633007;66;Toscana
toscana_160;Pontedera;toscana;10.631241;43.665334;17;Toscana
toscana_162;S. Giovanni Alla Vena Valle;toscana;10.585252;43.6844;13;Toscana
toscana_169;Puretta;toscana;10.930118;43.304665;142;Toscana
toscana_181;Vecchia Ss Aurelia;toscana;10.614934;43.020657;14;Toscana
toscana_191;Livorno Mareografo;toscana;10.299632;43.546256;2;Toscana
toscana_198;Retignano;toscana;10.271503;44.005026;372;Toscana
toscana_206;Capanne Di Sillano;toscana;10.309084;44.258034;1257;Toscana
toscana_210;Villacollemandina;toscana;10.386305;44.160529;535;Toscana
toscana_214;Campagrina;toscana;10.259342;44.059003;1020;Toscana
toscana_216;Fornovolasco;toscana;10.360547;44.028957;539;Toscana
toscana_217;Gallicano;toscana;10.43964;44.06303;194;Toscana
toscana_221;Boscolungo;toscana;10.67354;44.139094;1374;Toscana
toscana_222;Melo;toscana;10.743544;44.131362;1088;Toscana
toscana_225;Selva Dei Porci;toscana;10.813551;44.077198;923;Toscana
toscana_226;Monte Oppio;toscana;10.836892;44.042468;835;Toscana
toscana_227;S. Marcello Pistoiese;toscana;10.788086;44.055275;610;Toscana
toscana_228;Prunetta;toscana;10.80397;44.008489;1012;Toscana
toscana_239;Ponte Tavole;toscana;10.18483;43.972565;7;Toscana
toscana_241;Camaiore;toscana;10.275355;43.927626;94;Toscana
toscana_242;Torre Del Lago;toscana;10.307692;43.832462;2;Toscana
toscana_244;Viareggio 1;toscana;10.259289;43.867634;2;Toscana
toscana_250;Casotti Di Cutigliano;toscana;10.751581;44.098219;640;Toscana
toscana_253;Borgo A Mozzano;toscana;10.55151;43.979877;245;Toscana
toscana_254;Piaggione;toscana;10.51441;43.929399;156;Toscana
toscana_255;Mutigliano;toscana;10.484186;43.881763;40;Toscana
toscana_258;Ripafratta;toscana;10.414922;43.821073;19;Toscana
toscana_261;Vecchiano;toscana;10.398898;43.780526;14;Toscana
toscana_289;Ponte Tura;toscana;11.166253;42.764698;16;Toscana
toscana_291;Roccalbegna;toscana;11.511635;42.788562;600;Toscana
toscana_292;Capanne;toscana;11.543856;42.685646;399;Toscana
toscana_294;Torricelle;toscana;11.425443;42.642219;158;Toscana
toscana_295;Scansano;toscana;11.341806;42.689651;412;Toscana
toscana_298;S. Donato;toscana;11.230903;42.53373;11;Toscana
toscana_349;Pontremoli Depuratore;toscana;9.883168;44.369246;290;Toscana
toscana_359;Minucciano;toscana;10.209776;44.172257;766;Toscana
toscana_374;Massa;toscana;10.141306;44.034082;51;Toscana
toscana_382;Camaiore I Frati;toscana;10.294074;43.938301;37;Toscana
toscana_408;Villacollemandina;toscana;10.387754;44.161529;535;Toscana
toscana_464;Lucca (Orto Botanico);toscana;10.510888;43.841806;17;Toscana
toscana_507;Chianciano S. Elena;toscana;11.821942;43.056605;462;Toscana
toscana_772;Castelnuovo Misericordia;toscana;10.665443;43.411142;347;Toscana
toscana_21;Villa Dell'olio;toscana;11.604733;43.591795;380;Toscana
toscana_28;Mangona;toscana;11.197975;44.051395;552;Toscana
toscana_30;Le Croci (Barberino);toscana;11.271917;44.009686;387;Toscana
toscana_42;Firenze Universita';toscana;11.25114;43.798788;86;Toscana
toscana_43;Cercina;toscana;11.261496;43.844258;349;Toscana
toscana_44;Caldine;toscana;11.340546;43.845709;469;Toscana
toscana_57;S. Giusto;toscana;11.193765;43.759952;39;Toscana
toscana_58;Case Passerini;toscana;11.17746;43.814406;35;Toscana
toscana_60;Montagnana;toscana;10.823039;43.953666;369;Toscana
toscana_61;Baggio;toscana;10.964162;43.99124;418;Toscana
toscana_71;Poggio Aglione;toscana;10.922167;43.531901;425;Toscana
toscana_77;S. Baronto;toscana;10.939066;43.835141;338;Toscana
toscana_90;Valle Benedetta;toscana;10.406518;43.517376;285;Toscana
toscana_119;Incisa Valle;toscana;11.456679;43.691696;111;Toscana
toscana_133;Strada In Chianti;toscana;11.315771;43.665899;160;Toscana
toscana_135;Vaiano Gamberame;toscana;11.128141;43.924691;175;Toscana
toscana_141;Pontelungo;toscana;10.893629;43.922766;65;Toscana
toscana_145;Turbone;toscana;11.035944;43.718586;74;Toscana
toscana_146;Empoli;toscana;10.947135;43.725925;31;Toscana
toscana_147;Poggibonsi;toscana;11.129404;43.47162;97;Toscana
toscana_155;Molino D'era;toscana;10.829027;43.457309;114;Toscana
toscana_156;Capannoli;toscana;10.687166;43.582027;34;Toscana
toscana_164;Bocca D'arno;toscana;10.280322;43.680668;1;Toscana
toscana_166;Stagno;toscana;10.352125;43.60002;4;Toscana
toscana_195;Pomezzana;toscana;10.314746;43.985157;476;Toscana
toscana_196;Cardoso;toscana;10.318978;44.009785;489;Toscana
toscana_200;Azzano;toscana;10.228438;44.0236;518;Toscana
toscana_202;Cerreto;toscana;10.173198;44.031856;437;Toscana
toscana_205;Passo Pradarena;toscana;10.300464;44.285808;1550;Toscana
toscana_207;Monte Castellino;toscana;10.381856;44.259698;1725;Toscana
toscana_208;Orto Di Donna;toscana;10.197383;44.134767;1134;Toscana
toscana_215;Monte Romecchio;toscana;10.526874;44.155531;1576;Toscana
toscana_219;Fabbriche Vallico;toscana;10.42742;43.99664;433;Toscana
toscana_223;Croce Arcana;toscana;10.778274;44.131916;1663;Toscana
toscana_229;Convalle;toscana;10.417144;43.937471;353;Toscana
toscana_247;Ponte Di Campia;toscana;10.453248;44.090525;238;Toscana
toscana_248;Calavorno;toscana;10.531037;44.021363;141;Toscana
toscana_251;Ponte Di Lucchio;toscana;10.717994;44.045525;482;Toscana
toscana_252;Chifenti;toscana;10.563969;44.007322;157;Toscana
toscana_257;Ponte Guido;toscana;10.436814;43.859119;30;Toscana
toscana_259;Pontetetto;toscana;10.494269;43.82343;14;Toscana
toscana_262;Bocca Di Serchio;toscana;10.269991;43.781265;2;Toscana
toscana_379;Pietrasanta;toscana;10.237099;43.94094;6;Toscana
toscana_416;Isola Santa;toscana;10.31537;44.067086;828;Toscana
toscana_469;Asciano Pisano;toscana;10.473658;43.752416;183;Toscana
toscana_686;Fattoria Scaletta;toscana;10.831991;43.709147;19;Toscana
toscana_767;Casacce;toscana;10.508943;43.445459;49;Toscana
toscana_827;Populonia;toscana;10.490456;42.990162;127;Toscana
toscana_860;Roccastrada;toscana;11.16947;43.011494;430;Toscana
toscana_867;Acquisti;toscana;11.060416;42.848331;5;Toscana
toscana_927;La Foce;toscana;11.780613;43.017539;570;Toscana
toscana_929;Pienza (Madonnina);toscana;11.679479;43.079112;455;Toscana
trentino_6510;Levico (Terme);trentino;11.304882;46.010585;502;Trentino
trentino_6541;Pezze' Di Moena (Diga);trentino;11.664561;46.383662;1205;Trentino
trentino_6561;Trento (Roncafort);trentino;11.101279;46.095667;194;Trentino
trentino_6630;Arco (Arboreto);trentino;10.883014;45.922291;115;Trentino
trentino_6638;Passo Tonale T0360;trentino;10.635572;46.261915;1880;Trentino
trentino_6639;Pejo Frana;trentino;10.678177;46.364472;1580;Trentino
trentino_6640;Cavalese (Meteotrentino);trentino;11.451794;46.284762;958;Trentino
trentino_6644;Malga Bissina;trentino;10.514022;46.053933;1750;Trentino
trentino_6509;Centa;trentino;11.234123;45.970184;815;Trentino
trentino_6511;Pontarso;trentino;11.494414;46.115589;925;Trentino
trentino_6512;Bieno;trentino;11.553742;46.079537;806;Trentino
trentino_6516;Passo Cereda;trentino;11.906843;46.194016;1375;Trentino
trentino_6520;Canal San Bovo;trentino;11.73469;46.149827;757;Trentino
trentino_6521;Lavarone;trentino;11.254037;45.939893;1155;Trentino
trentino_6528;Mezzana;trentino;10.795807;46.313429;905;Trentino
trentino_6529;Male';trentino;10.916104;46.355098;735;Trentino
trentino_6533;Passo Mendola;trentino;11.189417;46.419238;1320;Trentino
trentino_6539;Pian Fedaia (Diga);trentino;11.862414;46.461795;2040;Trentino
trentino_6543;Paganella;trentino;11.037444;46.143291;2125;Trentino
trentino_6544;Zambana;trentino;11.079707;46.156372;201;Trentino
trentino_6546;Passo Rolle;trentino;11.787638;46.297214;1995;Trentino
trentino_6547;Passo Valles;trentino;11.799764;46.338417;2032;Trentino
trentino_6564;Sant'orsola;trentino;11.3022;46.107105;930;Trentino
trentino_6569;Aldeno;trentino;11.091715;45.967849;182;Trentino
trentino_6570;Rovereto;trentino;11.043954;45.896097;203;Trentino
trentino_6571;Terragnolo (Piazza);trentino;11.150991;45.879596;800;Trentino
trentino_6576;Ronchi Di Ala;trentino;11.065345;45.739264;692;Trentino
trentino_6590;Pinzolo;trentino;10.757755;46.156746;755;Trentino
trentino_6591;Torrente Arno';trentino;10.640512;46.032072;1148;Trentino
trentino_6594;Montagne;trentino;10.751656;46.059134;955;Trentino
trentino_6598;Santa Massenza (Centrale);trentino;10.980894;46.065821;245;Trentino
trentino_6601;Torbole;trentino;10.882485;45.881852;70;Trentino
trentino_6602;Tenno;trentino;10.831122;45.919256;428;Trentino
trentino_6607;Folgaria;trentino;11.17142;45.914087;1140;Trentino
trentino_6609;Spormaggiore;trentino;11.047544;46.212402;655;Trentino
trentino_6615;Romeno;trentino;11.118834;46.390724;958;Trentino
trentino_6637;Passo Brocon;trentino;11.659658;46.116488;1560;Trentino
trentino_6642;Passo Sommo - Folgaria;trentino;11.206388;45.918907;1360;Trentino
umbria_3539;Perugia_santa_giuliana;umbria;12.387;43.105;412;Umbria
umbria_1482;Perugia_sede;umbria;12.376;43.106;352;Umbria
umbria_811;Azzano;umbria;12.757;42.812;235;Umbria
umbria_270;Bastia_umbra;umbria;12.561;43.054;204;Umbria
umbria_3545;Cannara;umbria;12.584;42.996;190;Umbria
umbria_1480;Carestello;umbria;12.534;43.286;494;Umbria
umbria_792;Casa_castalda;umbria;12.659;43.18;663;Umbria
umbria_795;Casigliano;umbria;12.496;42.716;264;Umbria
umbria_1653;Cerbara;umbria;12.218;43.509;318;Umbria
umbria_775;Collepepe;umbria;12.406;42.93;175;Umbria
umbria_797;Forsivo;umbria;13.014;42.799;792;Umbria
umbria_301;Gubbio;umbria;12.563;43.341;449;Umbria
umbria_1683;Monte_cucco;umbria;12.729;43.375;1155;Umbria
umbria_748;Passignano;umbria;12.142;43.187;308;Umbria
umbria_266;Petrelle;umbria;12.16;43.35;400;Umbria
umbria_738;Petrignano_del_lago_-_Sp_302;umbria;11.953;43.161;301;Umbria
umbria_1522;Piediluco;umbria;12.767;42.534;389;Umbria
umbria_253;Ponticelli;umbria;11.969;42.932;249;Umbria
umbria_798;Ripalvella;umbria;12.3;42.843;453;Umbria
umbria_794;San_benedetto_vecchio;umbria;12.464;43.437;679;Umbria
umbria_793;San_biagio_della_valle;umbria;12.28;43.017;237;Umbria
umbria_799;San_silvestro;umbria;12.674;42.756;369;Umbria
umbria_268;Todi;umbria;12.41;42.787;211;Umbria
umbria_1682;Vallo_di_nera;umbria;12.86;42.757;414;Umbria
valledaosta_26;Gressoney-La-TrinitÃ© - Eselbode;valledaosta;7.82587;45.8306;1642;Valle D'aosta
valledaosta_44;Pontboset - Fournier;valledaosta;7.67989;45.6046;1087;Valle D'aosta
valledaosta_60;Valsavarenche - Eaux-Rousses;valledaosta;7.20835;45.5668;1651;Valle D'aosta
valledaosta_83;RhÃªmes-Notre-Dame - Chaudanne;valledaosta;7.11374;45.5604;1794;Valle D'aosta
veneto_5675;Arabba;veneto;11.87637;46.49926;1653;Veneto
veneto_5677;Caprile;veneto;11.99027;46.43977;1076;Veneto
veneto_5678;Malga Ciapela;veneto;11.9051;46.42785;1501;Veneto
veneto_5679;Gares (Canale D'agordo);veneto;11.88295;46.31246;1392;Veneto
veneto_5680;Agordo;veneto;12.03251;46.27609;588;Veneto
veneto_5681;S. Andrea (Gosaldo);veneto;11.95784;46.22896;1279;Veneto
veneto_5682;S. Antonio Di Tortal;veneto;12.15469;46.04768;568;Veneto
veneto_5683;Sospirolo;veneto;12.07977;46.14025;363;Veneto
veneto_5687;Podestagno;veneto;12.11253;46.5929;1433;Veneto
veneto_5688;Villanova (Borca Di Cadore);veneto;12.206480000000001;46.44262;953;Veneto
veneto_5689;Auronzo;veneto;12.42613;46.55558;877;Veneto
veneto_5690;Crep Di Pecol;veneto;12.09333;46.37868;1629;Veneto
veneto_5691;Campo Di Zoldo;veneto;12.18443;46.34599;875;Veneto
veneto_5692;S.stefano Di Cadore;veneto;12.55338;46.557;985;Veneto
veneto_5693;Domegge Di Cadore;veneto;12.41055;46.46028;816;Veneto
veneto_5694;Cimacanale (Val Visdende);veneto;12.63099;46.60138;1266;Veneto
veneto_5696;Castana ;veneto;11.30868;45.81485;485;Veneto
veneto_5697;Contra' Doppio Posina;veneto;11.22556;45.80622;746;Veneto
veneto_5698;Turcati Recoaro;veneto;11.18511;45.70329;693;Veneto
veneto_5699;Recoaro 1000;veneto;11.22594;45.67982;913;Veneto
veneto_5700;Valdagno;veneto;11.30894;45.63065;248;Veneto
veneto_5703;Montecchio Precalcino;veneto;11.54816;45.65788;71;Veneto
veneto_5704;San Bortolo;veneto;11.18168;45.60781;814;Veneto
veneto_5705;Crespadoro;veneto;11.20952;45.62545;513;Veneto
veneto_5707;Col Indes (Tambre);veneto;12.44035;46.11841;1153;Veneto
veneto_5708;Torch (Pieve D'alpago);veneto;12.36323;46.15086;587;Veneto
veneto_5709;Pelizzare Bagnolo Di Po';veneto;11.52975;44.98879;7;Veneto
veneto_5710;Concadirame (Rovigo);veneto;11.72105;45.09248;6;Veneto
veneto_5711;San Bellino;veneto;11.57719;45.03073;7;Veneto
veneto_5712;Conegliano Veneto;veneto;12.28254;45.88066;71;Veneto
veneto_5713;Pradon Porto Tolle;veneto;12.36932;44.91663;2;Veneto
veneto_5714;Castelfranco Veneto;veneto;11.94814;45.69427;51;Veneto
veneto_5715;Villafranca Veronese;veneto;10.83289;45.37175;67;Veneto
veneto_5716;Lonigo;veneto;11.3799;45.38992;31;Veneto
veneto_5717;Montagnana;veneto;11.46828;45.24286;15;Veneto
veneto_5718;Salizzole;veneto;11.08626;45.23885;22;Veneto
veneto_5720;Legnaro;veneto;11.95239;45.34669;7;Veneto
veneto_5721;Rosolina Po Di Tramontana;veneto;12.26199;45.07048;2;Veneto
veneto_5722;Castelnovo Bariano;veneto;11.30257;45.03066;12;Veneto
veneto_5723;Villadose;veneto;11.92263;45.0707;2;Veneto
veneto_5725;Frassinelle Polesine;veneto;11.67902;44.98979;6;Veneto
veneto_5726;Sorga';veneto;11.00903;45.21726;23;Veneto
veneto_5727;Bardolino Calmasino;veneto;10.765930000000001;45.5177;161;Veneto
veneto_5728;Roverchiara;veneto;11.25143;45.26514;19;Veneto
veneto_5729;DolcÃ¨;veneto;10.84901;45.5989;112;Veneto
veneto_5732;Arcole;veneto;11.29606;45.37484;28;Veneto
veneto_5733;Marano Di Valpolicella;veneto;10.92363;45.5473;283;Veneto
veneto_5734;San Pietro In Cariano;veneto;10.88834;45.50865;137;Veneto
veneto_5735;Illasi;veneto;11.17178;45.45954;155;Veneto
veneto_5736;Buttapietra;veneto;11.01065;45.35231;41;Veneto
veneto_5737;Grezzana;veneto;11.01372;45.50916;176;Veneto
veneto_5738;Castelnuovo Del Garda;veneto;10.77261;45.45398;122;Veneto
veneto_5739;Montecchia Di Crosara;veneto;11.28337;45.46737;61;Veneto
veneto_5740;Malo;veneto;11.46482;45.66871;102;Veneto
veneto_5741;Rifugio La Guardia Recoaro;veneto;11.18165;45.7182;1261;Veneto
veneto_5742;Valli Del Pasubio;veneto;11.21496;45.7571;619;Veneto
veneto_5743;Lusiana;veneto;11.58835;45.78348;665;Veneto
veneto_5744;Passo Santa Caterina Valdagno;veneto;11.25936;45.61913;716;Veneto
veneto_5745;Rosa';veneto;11.77648;45.71592;83;Veneto
veneto_5746;Barbarano Vicentino;veneto;11.57065;45.39704;18;Veneto
veneto_5747;Breganze;veneto;11.57653;45.71976;193;Veneto
veneto_5748;Brendola;veneto;11.47148;45.47482;281;Veneto
veneto_5750;Noventa Vicentina;veneto;11.56677;45.26383;14;Veneto
veneto_5752;Balduina Sant'urbano;veneto;11.58438;45.13408;8;Veneto
veneto_5753;Quinto Vicentino;veneto;11.63065;45.56843;36;Veneto
veneto_5754;Portogruaro Lison;veneto;12.76147;45.74482;3;Veneto
veneto_5755;Cavallino (Treporti);veneto;12.48642;45.45805;2;Veneto
veneto_5756;Noventa Di Piave;veneto;12.58868;45.66761;4;Veneto
veneto_5758;Fossalta Di Portogruaro;veneto;12.89414;45.77501;7;Veneto
veneto_5759;Lugugnana Di Portogruaro;veneto;12.94687;45.70425;2;Veneto
veneto_5760;Mira;veneto;12.11769;45.4353;5;Veneto
veneto_5761;Chioggia Loc. Sant'anna;veneto;12.276;45.144;1;Veneto
veneto_5763;Teolo;veneto;11.67737;45.34206;114;Veneto
veneto_5764;Codevigo;veneto;12.09993;45.24301;2;Veneto
veneto_5765;Gesia (Cavarzere);veneto;12.08742;45.16084;4;Veneto
veneto_5766;Campodarsego;veneto;11.9137;45.49483;15;Veneto
veneto_5769;Volpago Del Montello;veneto;12.11314;45.78455;171;Veneto
veneto_5770;Zero Branco;veneto;12.17524;45.59004;11;Veneto
veneto_5771;Vazzola;veneto;12.34149;45.81115;38;Veneto
veneto_5772;Gaiarine;veneto;12.49369;45.89151;17;Veneto
veneto_5773;Roncade;veneto;12.39647;45.64067;7;Veneto
veneto_5774;Villorba;veneto;12.23517;45.74828;40;Veneto
veneto_5775;Valdobbiadene Bigolino;veneto;12.00731;45.88139;189;Veneto
veneto_5776;Brustole' Velo D'astico;veneto;11.34351;45.80061;390;Veneto
veneto_5777;Molini Laghi;veneto;11.25584;45.83265;635;Veneto
veneto_5779;Farra Di Soligo;veneto;12.1048;45.9015;197;Veneto
veneto_5780;Oderzo;veneto;12.52447;45.76503;8;Veneto
veneto_5781;Maser;veneto;11.94258;45.77817;102;Veneto
veneto_5782;Breda Di Piave;veneto;12.33814;45.71705;21;Veneto
veneto_5783;Longarone;veneto;12.30382;46.26092;434;Veneto
veneto_5784;Lamon;veneto;11.74661;46.04918;586;Veneto
veneto_5786;Ponte Di Piave;veneto;12.52452;45.7165;5;Veneto
veneto_5792;Valle Di Cadore;veneto;12.33254;46.41477;738;Veneto
veneto_5794;Mogliano Veneto;veneto;12.308;45.58008;5;Veneto
veneto_5797;San Martino D' Alpago;veneto;12.39696;46.17982;805;Veneto
veneto_5798;Cortina Loc. Gilardon;veneto;12.1276;46.53602;1216;Veneto
veneto_5799;Misurina;veneto;12.25027;46.57574;1810;Veneto
veneto_5800;Costalta;veneto;12.57575;46.5781;1195;Veneto
veneto_5801;Casamazzagno;veneto;12.5158;46.59322;1370;Veneto
veneto_5802;Venezia Istituto Cavanis;veneto;12.3283;45.4293;1;Veneto
veneto_9604;Arianoetgfe;veneto;12.1209;44.9456;2;Veneto
aeronautica_6810;Pescara;abruzzo;14.199999999999998;42.43299999999999;11;Abruzzo
aeronautica_6865;Monte Scuro;calabria;16.4;39.33299999999999;1720;Calabria
aeronautica_6827;Grazzanise;campania;14.067;41.05;10;Campania
aeronautica_6720;Piacenza;emilia-romagna;9.733;44.917;138;Emilia Romagna
aeronautica_6758;Monte Cimone;emilia-romagna;10.699999999999998;44.2;2173;Emilia Romagna
aeronautica_6768;Cervia;emilia-romagna;12.3;44.21699999999999;10;Emilia Romagna
aeronautica_6769;Rimini;emilia-romagna;12.617;44.033;13;Emilia Romagna
aeronautica_6736;Trieste;friuli venezia giulia;13.75;45.65;20;Friuli Venezia Giulia
aeronautica_6821;Frosinone;lazio;13.3;41.63299999999999;185;Lazio
aeronautica_6841;Ponza;lazio;12.949999999999996;40.91700000000001;185;Lazio
aeronautica_6771;Capo Mele;liguria;8.167;43.95;221;Liguria
aeronautica_6718;Milano/Linate;lombardia;9.283;45.433;103;Lombardia
aeronautica_6721;Brescia/Ghedi;lombardia;10.282999999999998;45.417;97;Lombardia
aeronautica_6782;Frontone;marche;12.732999999999999;43.517;574;Marche
aeronautica_6812;Termoli;molise;14.999999999999996;41.99999999999999;44;Molise
aeronautica_6826;Campobasso;molise;14.650000000000002;41.56699999999999;807;Molise
aeronautica_6709;Torino/Bric Della C;piemonte;7.733;45.033;710;Piemonte
aeronautica_6828;Monte S. Angelo;puglia;15.950000000000001;41.7;844;Puglia
aeronautica_6851;Gioia Del Colle;puglia;16.933;40.766999999999996;350;Puglia
aeronautica_6856;Brindisi;puglia;17.95;40.650000000000006;10;Puglia
aeronautica_6858;Marina Di Ginosa;puglia;16.882999999999996;40.433;12;Puglia
aeronautica_6859;Lecce;puglia;18.15;40.23299999999999;61;Puglia
aeronautica_6869;S. Maria Di Leuca;puglia;18.35;39.81699999999999;112;Puglia
aeronautica_6919;Decimomannu;sardegna;8.967;39.349999999999994;28;Sardegna
aeronautica_6923;Cagliari/Elmas;sardegna;9.067;39.249999999999986;5;Sardegna
aeronautica_6874;Ustica;sicilia;13.183;38.7;251;Sicilia
aeronautica_6881;Messina;sicilia;15.549999999999997;38.199999999999996;51;Sicilia
aeronautica_6883;Trapani/Birgi;sicilia;12.500000000000002;37.917;14;Sicilia
aeronautica_6889;Gela;sicilia;14.216999999999999;37.083;65;Sicilia
aeronautica_6891;Catania/Sigonella;sicilia;14.916999999999996;37.4;22;Sicilia
aeronautica_6897;Pantelleria;sicilia;11.966999999999999;36.81699999999999;170;Sicilia
aeronautica_6901;Cozzo Spadaro;sicilia;15.133;36.683;51;Sicilia
aeronautica_6773;Pisa/S. Giusto;toscana;10.383;43.68299999999999;6;Toscana
aeronautica_6776;Monte Argentario;toscana;11.167;42.382999999999996;631;Toscana
aeronautica_6779;Arezzo;toscana;11.849999999999998;43.467;249;Toscana
aeronautica_6794;Grosseto;toscana;11.067;42.75;7;Toscana
aeronautica_6723;Verona/Villafranca;veneto;10.867;45.38300000000001;68;Veneto
aeronautica_6729;Treviso/Istrana;veneto;12.099999999999998;45.682999999999986;46;Veneto
aeronautica_6730;Treviso/S. Angelo;veneto;12.182999999999998;45.65;23;Veneto
aeronautica_6733;Venezia/Tessera;veneto;12.332999999999998;45.49999999999999;6;Veneto
